month,channel,media_cost_krw,other_cost_krw
2023-07-01,search,1198000,195000
2023-07-01,display,292000,40000
2023-07-01,retargeting,99000,11000
2023-07-01,brand,2073000,518000
2023-08-01,search,1117000,182000
2023-08-01,display,289000,39000
2023-08-01,retargeting,98000,11000
2023-08-01,brand,1997000,499000
2023-09-01,search,1186000,193000
2023-09-01,display,293000,40000
2023-09-01,retargeting,100000,11000
2023-09-01,brand,2063000,516000
2023-10-01,search,1189000,194000
2023-10-01,display,311000,42000
2023-10-01,retargeting,99000,11000
2023-10-01,brand,1964000,491000
2023-11-01,search,1200000,195000
2023-11-01,display,292000,40000
2023-11-01,retargeting,100000,11000
2023-11-01,brand,2013000,503000
2023-12-01,search,1180000,192000
2023-12-01,display,295000,40000
2023-12-01,retargeting,101000,11000
2023-12-01,brand,2007000,502000
2024-01-01,search,1172000,191000
2024-01-01,display,298000,41000
2024-01-01,retargeting,99000,11000
2024-01-01,brand,2038000,510000
2024-02-01,search,1201000,196000
2024-02-01,display,305000,42000
2024-02-01,retargeting,103000,11000
2024-02-01,brand,1991000,498000
2024-03-01,search,1169000,190000
2024-03-01,display,294000,40000
2024-03-01,retargeting,99000,11000
2024-03-01,brand,2084000,521000
2024-04-01,search,1183000,193000
2024-04-01,display,293000,40000
2024-04-01,retargeting,95000,11000
2024-04-01,brand,2055000,514000
2024-05-01,search,1213000,198000
2024-05-01,display,306000,42000
2024-05-01,retargeting,95000,11000
2024-05-01,brand,2030000,508000
2024-06-01,search,1191000,194000
2024-06-01,display,303000,41000
2024-06-01,retargeting,100000,11000
2024-06-01,brand,2030000,507000
2024-07-01,search,1211000,197000
2024-07-01,display,302000,41000
2024-07-01,retargeting,98000,11000
2024-07-01,brand,2054000,514000
2024-08-01,search,1135000,185000
2024-08-01,display,298000,41000
2024-08-01,retargeting,96000,11000
2024-08-01,brand,1977000,494000
2024-09-01,search,1177000,192000
2024-09-01,display,314000,43000
2024-09-01,retargeting,95000,11000
2024-09-01,brand,2075000,519000
2024-10-01,search,1127000,183000
2024-10-01,display,298000,41000
2024-10-01,retargeting,98000,11000
2024-10-01,brand,2051000,513000
2024-11-01,search,1212000,197000
2024-11-01,display,308000,42000
2024-11-01,retargeting,96000,11000
2024-11-01,brand,1988000,497000
2024-12-01,search,1217000,198000
2024-12-01,display,299000,41000
2024-12-01,retargeting,93000,10000
2024-12-01,brand,1947000,487000
2025-01-01,search,3462000,564000
2025-01-01,display,916000,125000
2025-01-01,retargeting,293000,33000
2025-01-01,brand,6173000,1543000
2025-02-01,search,3905000,636000
2025-02-01,display,1008000,137000
2025-02-01,retargeting,330000,37000
2025-02-01,brand,6658000,1664000
2025-03-01,search,8604000,1401000
2025-03-01,display,2212000,302000
2025-03-01,retargeting,689000,77000
2025-03-01,brand,14446000,3611000
2025-04-01,search,9890000,1610000
2025-04-01,display,2508000,342000
2025-04-01,retargeting,810000,90000
2025-04-01,brand,16792000,4208000
2025-05-01,search,5084000,828000
2025-05-01,display,1257000,171000
2025-05-01,retargeting,427000,47000
2025-05-01,brand,8613000,2153000
2025-06-01,search,4749000,773000
2025-06-01,display,1221000,167000
2025-06-01,retargeting,394000,44000
2025-06-01,brand,8225000,2056000
