user_id,first_active_date
user_001,2026-05-20
user_002,2026-05-20
user_003,2026-05-20
user_004,2026-05-20
user_005,2026-05-20
user_006,2026-05-20
user_007,2026-05-20
user_008,2026-05-20
user_009,2026-05-20
user_010,2026-05-20
user_011,2026-05-16
user_012,2026-05-14
user_013,2026-05-17
user_014,2026-05-15
user_015,2026-05-17
user_016,2026-05-15
user_017,2026-04-06
user_018,2026-03-27
user_019,2026-04-24
user_020,2026-04-26
user_021,2026-02-22
user_022,2026-03-29
user_023,2026-03-15
user_024,2026-02-15
user_025,2026-02-23
user_026,2026-03-16
user_027,2026-05-01
user_028,2026-01-30
user_029,2026-02-21
user_030,2026-04-22
user_031,2026-03-08
user_032,2026-01-27
user_033,2026-04-21
user_034,2026-02-03
user_035,2026-02-22
user_036,2026-04-25
user_037,2026-05-04
user_038,2026-03-12
user_039,2026-04-01
user_040,2026-03-10
user_041,2026-05-13
user_042,2026-02-12
user_043,2026-05-03
user_044,2026-04-23
user_045,2026-02-26
user_046,2026-02-20
user_047,2026-03-15
user_048,2026-04-19
user_049,2026-03-01
user_050,2026-02-03
user_051,2026-02-08
user_052,2026-04-16
user_053,2026-02-28
user_054,2026-03-14
user_055,2026-03-21
user_056,2026-03-11
user_057,2026-04-15
user_058,2026-02-04
user_059,2026-02-17
user_060,2026-03-15
user_061,2026-03-01
user_062,2026-05-12
user_063,2026-03-21
user_064,2026-04-30
user_065,2026-04-24
user_066,2026-04-26
user_067,2026-04-29
user_068,2026-03-12
user_069,2026-05-03
user_070,2026-03-26
user_071,2026-03-10
user_072,2026-02-23
user_073,2026-04-09
user_074,2026-03-09
user_075,2026-04-03
user_076,2026-04-25
user_077,2026-02-20
user_078,2026-04-02
user_079,2026-02-05
user_080,2026-02-08
user_081,2026-03-09
user_082,2026-03-05
user_083,2026-02-17
user_084,2026-04-21
user_085,2026-02-05
user_086,2026-03-19
user_087,2026-02-28
user_088,2026-02-14
user_089,2026-03-12
user_090,2026-02-12
user_091,2026-02-26
user_092,2026-04-09
user_093,2026-02-18
user_094,2026-03-11
user_095,2026-04-25
user_096,2026-05-01
user_097,2026-02-02
user_098,2026-02-11
user_099,2026-04-02
user_100,2026-02-22
user_101,2026-03-12
user_102,2026-03-01
user_103,2026-04-18
user_104,2026-03-28
user_105,2026-04-28
user_106,2026-04-09
user_107,2026-02-12
user_108,2026-04-30
user_109,2026-03-11
user_110,2026-04-12
user_111,2026-04-23
user_112,2026-05-10
user_113,2026-04-15
user_114,2026-05-04
user_115,2026-02-12
user_116,2026-04-09
user_117,2026-02-04
user_118,2026-05-10
user_119,2026-04-04
user_120,2026-03-01
user_121,2026-03-18
user_122,2026-03-06
user_123,2026-01-29
user_124,2026-04-19
user_125,2026-02-02
user_126,2026-04-13
user_127,2026-05-05
user_128,2026-04-29
user_129,2026-03-05
user_130,2026-04-21
user_131,2026-02-18
user_132,2026-04-14
user_133,2026-03-25
user_134,2026-05-11
user_135,2026-04-30
user_136,2026-03-26
user_137,2026-03-10
user_138,2026-05-09
user_139,2026-05-06
user_140,2026-04-30
user_141,2026-03-03
user_142,2026-02-21
user_143,2026-03-21
user_144,2026-01-27
user_145,2026-03-07
user_146,2026-03-11
user_147,2026-04-08
user_148,2026-03-08
user_149,2026-02-04
user_150,2026-04-25
user_151,2026-04-01
user_152,2026-04-15
user_153,2026-04-02
user_154,2026-03-15
user_155,2026-03-20
user_156,2026-04-25
user_157,2026-04-28
user_158,2026-02-24
user_159,2026-03-28
user_160,2026-04-12
user_161,2026-03-24
user_162,2026-05-12
user_163,2026-04-27
user_164,2026-04-13
user_165,2026-04-24
user_166,2026-04-06
user_167,2026-04-29
user_168,2026-02-10
user_169,2026-04-30
user_170,2026-02-11
user_171,2026-05-06
user_172,2026-02-01
user_173,2026-04-28
user_174,2026-03-20
user_175,2026-04-25
user_176,2026-05-13
user_177,2026-02-07
user_178,2026-02-09
user_179,2026-03-08
user_180,2026-02-15
user_181,2026-04-14
user_182,2026-02-08
user_183,2026-03-29
user_184,2026-04-09
user_185,2026-03-18
user_186,2026-05-09
user_187,2026-02-23
user_188,2026-04-17
user_189,2026-03-22
user_190,2026-02-04
user_191,2026-03-15
user_192,2026-04-27
user_193,2026-05-11
user_194,2026-03-06
user_195,2026-03-19
user_196,2026-04-01
user_197,2026-02-20
user_198,2026-03-21
user_199,2026-03-19
user_200,2026-03-29
