review_id,product_id,rating,text,created_at
1,P-1006,5,사이즈가 정사이즈고 배송이 하루 만에 오고 강력 추천합니다 강아지 털이 안 붙어서 반려동물 키우는 분들께 추천해요 디자인이 고급스럽고!!,2024-06-06
2,P-1033,1,배송이 하세월이고 재질이 거칠고 가격이 비싼데 별로고 환불 요청에 연락이 안 되고 별점이 아까워요,2024-04-22
3,P-1021,1,색상이 이상하고 재질이 부실하고 환불 문의에 연락이 두절이고 두 번 다시 안 사요...,2024-03-29
4,P-1015,5,가성비가 훌륭하고 재구매 의사 있어요 재질이 튼튼하고 사이즈가 넉넉하고 자취방이 좁은데 원룸 공간을 차지하지 않아 만족해요ㅠㅠ,2024-01-24
5,P-1002,1,색상이 이상하고 사이즈가 안 맞고 두 번 다시 안 사요ㅠㅠ,2024-04-11
6,P-1039,5,반려동물 키우는 집이라 털 청소가 쉽고 위생적이라 좋아요 전체적으로 만족스러워요 캠핑 야외에서 쓰기 좋고 휴대가 편해요 배송이 신속하고 사이즈가 정사이즈고 재질이 튼튼하고!!,2024-06-24
7,P-1005,1,환불 취소 처리가 엉망이고 배송이 느리고 색상이 이상하고 사이즈가 안 맞고 환불 받고 싶네요,2024-04-24
8,P-1015,1,재질이 거칠고 색상이 칙칙하고 가격값을 못 하고 별점이 아까워요,2024-04-11
9,P-1011,5,사이즈가 딱 맞고 디자인이 고급스럽고 가볍고 휴대가 편해 차박 갈 때마다 챙겨요 강력 추천합니다 색상이 선명하고 반려동물 키우는 집이라 털 청소가 쉽고 위생적이라 좋아요,2024-06-27
10,P-1024,1,재질이 부실하고 포장이 허술하고 사이즈가 안 맞고 완전 실망이에요,2024-06-11
11,P-1039,4,디자인이 세련되고 배송이 느리고 그냥 무난해요,2024-03-10
12,P-1015,1,색상이 칙칙하고 사이즈가 작고 완전 실망이에요,2024-01-25
13,P-1006,1,재질이 부실하고 사이즈가 안 맞고 두 번 다시 안 사요ㅠㅠ,2024-02-05
14,P-1003,5,전체적으로 만족스러워요 디자인이 세련되고 색상이 마음에 들고 자취방 원룸이 좁아서 걱정했는데 공간을 차지하지 않아요 가격이 만족스럽고!!,2024-02-20
15,P-1010,5,사이즈가 정사이즈고 전체적으로 만족스러워요 재질이 튼튼하고 강아지 키우는데 털도 잘 안 붙고 청소가 쉬워요 캠핑 야외에서 쓰기 좋고 휴대가 편해요 디자인이 세련되고!!,2024-06-16
16,P-1030,5,배송이 신속하고 포장이 정성스럽고 강아지 털 청소가 쉬워서 반려동물 키우며 입소문 났어요 색상이 선명하고 전체적으로 만족스러워요...,2024-06-15
17,P-1034,5,강력 추천합니다 반려동물 강아지 있는 집인데 털 청소가 간편해 위생적이에요 재질이 고급스럽고 가성비가 훌륭하고 포장이 정성스럽고,2024-06-21
18,P-1029,5,색상이 마음에 들고 반려동물 키우는 집이라 털 청소가 쉽고 위생적이라 좋아요 포장이 꼼꼼하고 캠핑 차박 같은 야외에서 휴대가 편해 의외로 유용해요 기대 이상이라 좋네요 가격이 합리적이고ㅋㅋ,2024-05-12
19,P-1000,5,가격이 만족스럽고 캠핑 다닐 때 배낭에 넣어도 가벼워 부담 없어요 강력 추천합니다 배송이 하루 만에 오고 색상이 화면과 똑같고...,2024-04-26
20,P-1032,5,포장이 깔끔하고 캠핑 다닐 때 배낭에 넣어도 가벼워 부담 없어요 재질이 튼튼하고 사이즈가 넉넉하고 전체적으로 만족스러워요!!,2024-05-05
21,P-1026,1,환불 문의에 연락이 두절이고 사이즈가 작고 색상이 칙칙하고 재질이 싸구려 같고 별점이 아까워요,2024-04-08
22,P-1021,1,가격이 아깝고 포장이 엉망이고 재질이 싸구려 같고 완전 실망이에요ㅠㅠ,2024-05-04
23,P-1019,5,자취 시작하면서 샀는데 좁은 원룸 공간에 잘 맞아요 강력 추천합니다 재질이 부드럽고 가성비가 훌륭하고 사이즈가 넉넉하고 캠핑 다닐 때 배낭에 넣어도 가벼워 부담 없어요,2024-06-23
24,P-1027,5,색상이 마음에 들고 강아지 털 청소가 쉬워서 반려동물 키우며 입소문 났어요 기대 이상이라 좋네요 디자인이 고급스럽고 차박 야외에서 휴대가 편하고 가벼워 유용해요 재질이 튼튼하고...,2024-05-31
25,P-1019,1,배송이 느리고 환불이 계속 지연되고 가격이 비싼데 별로고 포장이 부실해서 파손됐고 별점이 아까워요ㅋㅋ,2024-04-18
26,P-1018,4,색상이 마음에 들고 포장이 부실해서 파손됐고 그냥 무난해요,2024-02-15
27,P-1032,1,색상이 칙칙하고 가격값을 못 하고 두 번 다시 안 사요!!,2024-03-28
28,P-1007,3,사이즈가 정사이즈고 재질이 싸구려 같고 그냥 무난해요,2024-02-22
29,P-1011,5,색상이 선명하고 강아지 털 청소가 쉬워서 반려동물 키우며 입소문 났어요 디자인이 예쁘고 사이즈가 딱 맞고 기대 이상이라 좋네요 자취방 원룸이 좁아서 걱정했는데 공간을 차지하지 않아요...,2024-04-28
30,P-1018,1,색상이 칙칙하고 환불이 계속 지연되고 포장이 부실해서 파손됐고 재질이 거칠고 완전 실망이에요,2024-03-27
31,P-1036,5,전체적으로 만족스러워요 강아지 털 청소가 쉬워서 반려동물 키우며 입소문 났어요 사이즈가 딱 맞고 원래 집에서 쓰려고 샀는데 가벼워서 차박 갈 때 챙겨 가요 재질이 고급스럽고 배송이 신속하고,2024-03-10
32,P-1012,1,사이즈가 헐렁하고 환불 요청에 연락이 안 되고 재질이 부실하고 완전 실망이에요,2024-04-11
33,P-1004,1,디자인이 별로고 포장이 부실해서 파손됐고 환불 받고 싶네요ㅠㅠ,2024-04-27
34,P-1002,5,디자인이 고급스럽고 배송이 신속하고 가성비가 훌륭하고 캠핑 차박 같은 야외에서 휴대가 편해 의외로 유용해요 자취방이 좁은데 원룸 공간을 차지하지 않아 만족해요 강력 추천합니다,2024-06-20
35,P-1005,5,반려동물 강아지 있는 집인데 털 청소가 간편해 위생적이에요 자취방 원룸이 좁아서 걱정했는데 공간을 차지하지 않아요 전체적으로 만족스러워요 배송이 신속하고 가격이 합리적이고 사이즈가 정사이즈고,2024-05-30
36,P-1035,1,배송이 느리고 재질이 거칠고 별점이 아까워요...,2024-06-20
37,P-1029,1,배송이 일주일째 지연되고 환불 취소 처리가 엉망이고 디자인이 사진과 다르고 별점이 아까워요,2024-03-25
38,P-1018,5,캠핑 차박 같은 야외에서 휴대가 편해 의외로 유용해요 사이즈가 정사이즈고 자취방 원룸이 좁아서 걱정했는데 공간을 차지하지 않아요 디자인이 세련되고 재구매 의사 있어요 배송이 빠르고,2024-05-28
39,P-1028,5,배송이 하루 만에 오고 사이즈가 넉넉하고 강력 추천합니다 캠핑 다닐 때 배낭에 넣어도 가벼워 부담 없어요 포장이 깔끔하고...,2024-05-31
40,P-1004,3,사이즈가 딱 맞고 포장이 허술하고 그냥 무난해요,2024-06-28
41,P-1000,5,재질이 고급스럽고 전체적으로 만족스러워요 반려동물 키우는 집이라 털 청소가 쉽고 위생적이라 좋아요 색상이 마음에 들고 캠핑 다닐 때 배낭에 넣어도 가벼워 부담 없어요 디자인이 세련되고,2024-05-23
42,P-1023,1,포장이 엉망이고 가격이 아깝고 사이즈가 작고 완전 실망이에요,2024-06-19
43,P-1034,1,재질이 거칠고 디자인이 별로고 두 번 다시 안 사요,2024-04-16
44,P-1008,5,전체적으로 만족스러워요 배송이 빠르고 캠핑 차박 같은 야외에서 휴대가 편해 의외로 유용해요 재질이 튼튼하고 색상이 마음에 들고 반려동물 키우는 집이라 털 청소가 쉽고 위생적이라 좋아요,2024-05-23
45,P-1024,3,포장이 꼼꼼하고 가격이 아깝고 그냥 무난해요,2024-05-01
46,P-1010,5,기대 이상이라 좋네요 가볍고 휴대가 편해 차박 갈 때마다 챙겨요 색상이 마음에 들고 자취 시작하면서 샀는데 좁은 원룸 공간에 잘 맞아요 사이즈가 넉넉하고 배송이 신속하고ㅋㅋ,2024-03-15
47,P-1038,5,색상이 선명하고 강력 추천합니다 재질이 부드럽고 포장이 꼼꼼하고 자취방이 좁은데 원룸 공간을 차지하지 않아 만족해요ㅋㅋ,2024-03-23
48,P-1022,5,기대 이상이라 좋네요 원룸 자취 공간에 두기 딱 좋은 크기예요 재질이 튼튼하고 강아지 키우는데 털도 잘 안 붙고 청소가 쉬워요 가성비가 훌륭하고 색상이 화면과 똑같고!!,2024-05-17
49,P-1020,1,가격이 아깝고 배송이 느리고 디자인이 촌스럽고 별점이 아까워요,2024-06-09
50,P-1027,1,재질이 거칠고 환불 취소 처리가 엉망이고 디자인이 촌스럽고 색상이 칙칙하고 완전 실망이에요!!,2024-05-09
51,P-1014,1,포장이 허술하고 사이즈가 헐렁하고 재질이 부실하고 두 번 다시 안 사요,2024-03-10
52,P-1008,3,재질이 부드럽고 색상이 칙칙하고 그냥 무난해요,2024-02-15
53,P-1015,5,반려동물 강아지 있는 집인데 털 청소가 간편해 위생적이에요 디자인이 예쁘고 포장이 꼼꼼하고 원룸 자취 공간에 두기 딱 좋은 크기예요 사이즈가 딱 맞고 전체적으로 만족스러워요...,2024-06-18
54,P-1033,5,재질이 튼튼하고 강력 추천합니다 색상이 마음에 들고 포장이 꼼꼼하고 자취방이 좁은데 원룸 공간을 차지하지 않아 만족해요 차박 야외에서 휴대가 편하고 가벼워 유용해요!!,2024-05-01
55,P-1008,5,기대 이상이라 좋네요 캠핑 다닐 때 배낭에 넣어도 가벼워 부담 없어요 포장이 정성스럽고 가격이 만족스럽고 디자인이 고급스럽고 원룸 자취 공간에 두기 딱 좋은 크기예요ㅠㅠ,2024-03-25
56,P-1027,1,재질이 거칠고 디자인이 사진과 다르고 완전 실망이에요!!,2024-02-08
57,P-1036,1,배송이 하세월이고 가격이 비싼데 별로고 포장이 허술하고 두 번 다시 안 사요...,2024-04-13
58,P-1033,1,포장이 엉망이고 배송이 하세월이고 환불 요청에 연락이 안 되고 디자인이 촌스럽고 두 번 다시 안 사요ㅠㅠ,2024-04-16
59,P-1000,1,포장이 허술하고 배송이 느리고 색상이 사진과 다르고 환불 요청에 연락이 안 되고 완전 실망이에요,2024-05-02
60,P-1035,5,색상이 선명하고 포장이 꼼꼼하고 기대 이상이라 좋네요 자취 시작하면서 샀는데 좁은 원룸 공간에 잘 맞아요 사이즈가 넉넉하고!!,2024-02-12
61,P-1030,1,환불이 계속 지연되고 배송이 느리고 사이즈가 작고 별점이 아까워요,2024-05-05
62,P-1009,1,포장이 부실해서 파손됐고 색상이 이상하고 배송이 일주일째 지연되고 별점이 아까워요ㅠㅠ,2024-04-09
63,P-1034,1,디자인이 별로고 색상이 이상하고 두 번 다시 안 사요!!,2024-02-17
64,P-1024,1,사이즈가 안 맞고 배송이 일주일째 지연되고 환불 요청에 연락이 안 되고 디자인이 촌스럽고 두 번 다시 안 사요,2024-05-13
65,P-1007,5,재구매 의사 있어요 재질이 부드럽고 배송이 빠르고 혼자 사는 원룸이라 공간 차지 안 하는 크기가 마음에 들어요 포장이 정성스럽고 강아지 키우는데 털도 잘 안 붙고 청소가 쉬워요...,2024-06-08
66,P-1025,5,가성비가 훌륭하고 원룸 자취 공간에 두기 딱 좋은 크기예요 재구매 의사 있어요 재질이 튼튼하고 강아지 키우는데 털도 잘 안 붙고 청소가 쉬워요 배송이 빠르고,2024-06-09
67,P-1015,5,배송이 신속하고 기대 이상이라 좋네요 차박 야외에서 휴대가 편하고 가벼워 유용해요 재질이 부드럽고 디자인이 예쁘고 강아지 털이 안 붙어서 반려동물 키우는 분들께 추천해요...,2024-05-23
68,P-1026,1,포장이 엉망이고 재질이 싸구려 같고 두 번 다시 안 사요ㅠㅠ,2024-06-03
69,P-1009,1,배송이 하세월이고 환불 취소 처리가 엉망이고 재질이 부실하고 두 번 다시 안 사요,2024-05-01
70,P-1029,3,재질이 고급스럽고 배송이 하세월이고 그냥 무난해요,2024-06-07
71,P-1002,1,디자인이 별로고 배송이 하세월이고 포장이 엉망이고 환불 받고 싶네요...,2024-03-31
72,P-1012,2,색상이 선명하고 배송이 느리고 그냥 무난해요,2024-04-19
73,P-1026,1,가격이 아깝고 환불 취소 처리가 엉망이고 디자인이 촌스럽고 색상이 사진과 다르고 두 번 다시 안 사요...,2024-04-25
74,P-1017,5,반려동물 키우는 집이라 털 청소가 쉽고 위생적이라 좋아요 가성비가 훌륭하고 색상이 화면과 똑같고 혼자 사는 원룸이라 공간 차지 안 하는 크기가 마음에 들어요 기대 이상이라 좋네요 사이즈가 정사이즈고ㅠㅠ,2024-05-25
75,P-1007,5,가격이 합리적이고 디자인이 예쁘고 강아지 털 청소가 쉬워서 반려동물 키우며 입소문 났어요 캠핑 야외에서 쓰기 좋고 휴대가 편해요 배송이 신속하고 전체적으로 만족스러워요ㅠㅠ,2024-03-31
76,P-1007,5,전체적으로 만족스러워요 포장이 깔끔하고 배송이 하루 만에 오고 색상이 선명하고 원룸 자취 공간에 두기 딱 좋은 크기예요,2024-02-11
77,P-1024,1,가격이 아깝고 포장이 부실해서 파손됐고 사이즈가 작고 환불 받고 싶네요ㅠㅠ,2024-04-22
78,P-1013,1,사이즈가 헐렁하고 포장이 허술하고 색상이 칙칙하고 두 번 다시 안 사요ㅠㅠ,2024-03-09
79,P-1033,1,색상이 사진과 다르고 재질이 싸구려 같고 환불 취소 처리가 엉망이고 사이즈가 헐렁하고 두 번 다시 안 사요,2024-05-11
80,P-1000,1,디자인이 별로고 재질이 부실하고 사이즈가 안 맞고 환불 받고 싶네요!!,2024-04-25
81,P-1023,5,가성비가 훌륭하고 포장이 깔끔하고 원룸 자취 공간에 두기 딱 좋은 크기예요 기대 이상이라 좋네요 배송이 빠르고!!,2024-03-04
82,P-1021,5,배송이 신속하고 원래 집에서 쓰려고 샀는데 가벼워서 차박 갈 때 챙겨 가요 강력 추천합니다 강아지 키우는데 털도 잘 안 붙고 청소가 쉬워요 디자인이 예쁘고 색상이 선명하고ㅋㅋ,2024-04-10
83,P-1016,1,디자인이 촌스럽고 배송이 일주일째 지연되고 환불이 계속 지연되고 재질이 싸구려 같고 환불 받고 싶네요,2024-05-03
84,P-1028,1,환불 요청에 연락이 안 되고 가격이 비싼데 별로고 배송이 느리고 디자인이 별로고 두 번 다시 안 사요,2024-04-22
85,P-1026,5,강아지 털이 안 붙어서 반려동물 키우는 분들께 추천해요 재질이 고급스럽고 재구매 의사 있어요 배송이 신속하고 가격이 만족스럽고ㅋㅋ,2024-06-05
86,P-1003,1,사이즈가 작고 환불이 계속 지연되고 가격값을 못 하고 두 번 다시 안 사요,2024-04-10
87,P-1016,3,디자인이 예쁘고 색상이 칙칙하고 그냥 무난해요,2024-01-30
88,P-1037,1,가격값을 못 하고 재질이 거칠고 환불 받고 싶네요...,2024-04-30
89,P-1039,5,가성비가 훌륭하고 재구매 의사 있어요 색상이 선명하고 원룸 자취 공간에 두기 딱 좋은 크기예요 차박 야외에서 휴대가 편하고 가벼워 유용해요 재질이 고급스럽고ㅠㅠ,2024-04-24
90,P-1032,2,가격이 만족스럽고 포장이 허술하고 그냥 무난해요,2024-04-22
91,P-1005,2,포장이 깔끔하고 사이즈가 안 맞고 그냥 무난해요,2024-03-23
92,P-1012,5,색상이 마음에 들고 원룸 자취 공간에 두기 딱 좋은 크기예요 전체적으로 만족스러워요 재질이 튼튼하고 반려동물 키우는 집이라 털 청소가 쉽고 위생적이라 좋아요 디자인이 예쁘고,2024-05-21
93,P-1022,1,환불 문의에 연락이 두절이고 가격이 비싼데 별로고 재질이 싸구려 같고 완전 실망이에요,2024-05-01
94,P-1015,4,디자인이 고급스럽고 포장이 허술하고 그냥 무난해요,2024-02-22
95,P-1006,1,디자인이 별로고 포장이 부실해서 파손됐고 환불 문의에 연락이 두절이고 환불 받고 싶네요ㅠㅠ,2024-04-11
96,P-1023,5,강력 추천합니다 강아지 키우는데 털도 잘 안 붙고 청소가 쉬워요 디자인이 예쁘고 재질이 튼튼하고 배송이 신속하고,2024-06-07
97,P-1014,5,배송이 신속하고 색상이 화면과 똑같고 재질이 튼튼하고 기대 이상이라 좋네요 강아지 키우는데 털도 잘 안 붙고 청소가 쉬워요 원룸 자취 공간에 두기 딱 좋은 크기예요ㅋㅋ,2024-05-06
98,P-1002,2,가격이 합리적이고 색상이 이상하고 그냥 무난해요,2024-05-14
99,P-1022,1,포장이 부실해서 파손됐고 환불 문의에 연락이 두절이고 재질이 싸구려 같고 별점이 아까워요!!,2024-04-15
100,P-1028,5,자취 시작하면서 샀는데 좁은 원룸 공간에 잘 맞아요 디자인이 세련되고 가격이 만족스럽고 재질이 튼튼하고 기대 이상이라 좋네요,2024-01-31
101,P-1021,5,가볍고 휴대가 편해 차박 갈 때마다 챙겨요 디자인이 예쁘고 배송이 빠르고 혼자 사는 원룸이라 공간 차지 안 하는 크기가 마음에 들어요 색상이 마음에 들고 재구매 의사 있어요...,2024-05-25
102,P-1027,1,환불 요청에 연락이 안 되고 가격값을 못 하고 재질이 싸구려 같고 별점이 아까워요,2024-04-06
103,P-1000,1,가격이 아깝고 사이즈가 헐렁하고 환불 요청에 연락이 안 되고 색상이 이상하고 완전 실망이에요ㅋㅋ,2024-03-30
104,P-1001,4,가격이 합리적이고 배송이 하세월이고 그냥 무난해요,2024-03-02
105,P-1000,2,배송이 신속하고 색상이 이상하고 그냥 무난해요,2024-03-20
106,P-1003,5,배송이 하루 만에 오고 자취방 원룸이 좁아서 걱정했는데 공간을 차지하지 않아요 색상이 화면과 똑같고 사이즈가 딱 맞고 기대 이상이라 좋네요!!,2024-01-28
107,P-1028,5,디자인이 예쁘고 색상이 마음에 들고 캠핑 차박 같은 야외에서 휴대가 편해 의외로 유용해요 가격이 만족스럽고 기대 이상이라 좋네요,2024-06-04
108,P-1016,1,디자인이 촌스럽고 환불 취소 처리가 엉망이고 배송이 하세월이고 별점이 아까워요,2024-04-21
109,P-1014,1,환불이 계속 지연되고 가격값을 못 하고 색상이 칙칙하고 사이즈가 안 맞고 두 번 다시 안 사요...,2024-04-13
110,P-1020,5,포장이 깔끔하고 색상이 선명하고 전체적으로 만족스러워요 자취방 원룸이 좁아서 걱정했는데 공간을 차지하지 않아요 재질이 부드럽고,2024-02-04
111,P-1021,5,재질이 튼튼하고 배송이 빠르고 디자인이 고급스럽고 반려동물 키우는 집이라 털 청소가 쉽고 위생적이라 좋아요 강력 추천합니다,2024-05-01
112,P-1009,5,기대 이상이라 좋네요 가성비가 훌륭하고 배송이 신속하고 디자인이 예쁘고 원룸 자취 공간에 두기 딱 좋은 크기예요 차박 야외에서 휴대가 편하고 가벼워 유용해요,2024-04-08
113,P-1021,5,배송이 신속하고 색상이 마음에 들고 강아지 털이 안 붙어서 반려동물 키우는 분들께 추천해요 전체적으로 만족스러워요 포장이 깔끔하고ㅠㅠ,2024-05-04
114,P-1000,1,가격이 비싼데 별로고 환불 취소 처리가 엉망이고 재질이 싸구려 같고 두 번 다시 안 사요,2024-04-21
115,P-1021,5,재구매 의사 있어요 반려동물 강아지 있는 집인데 털 청소가 간편해 위생적이에요 디자인이 고급스럽고 재질이 고급스럽고 색상이 화면과 똑같고,2024-06-27
116,P-1003,5,배송이 빠르고 포장이 정성스럽고 기대 이상이라 좋네요 가볍고 휴대가 편해 차박 갈 때마다 챙겨요 색상이 선명하고 자취 시작하면서 샀는데 좁은 원룸 공간에 잘 맞아요!!,2024-05-14
117,P-1038,5,사이즈가 정사이즈고 포장이 꼼꼼하고 캠핑 차박 같은 야외에서 휴대가 편해 의외로 유용해요 강력 추천합니다 색상이 화면과 똑같고,2024-06-22
118,P-1019,5,재질이 튼튼하고 강아지 털이 안 붙어서 반려동물 키우는 분들께 추천해요 색상이 선명하고 사이즈가 넉넉하고 강력 추천합니다!!,2024-04-28
119,P-1026,5,가격이 합리적이고 재구매 의사 있어요 디자인이 세련되고 배송이 신속하고 원래 집에서 쓰려고 샀는데 가벼워서 차박 갈 때 챙겨 가요 반려동물 키우는 집이라 털 청소가 쉽고 위생적이라 좋아요...,2024-05-24
120,P-1018,5,강력 추천합니다 재질이 고급스럽고 원래 집에서 쓰려고 샀는데 가벼워서 차박 갈 때 챙겨 가요 색상이 마음에 들고 포장이 깔끔하고 자취방 원룸이 좁아서 걱정했는데 공간을 차지하지 않아요,2024-05-12
121,P-1024,5,가성비가 훌륭하고 색상이 선명하고 기대 이상이라 좋네요 반려동물 키우는 집이라 털 청소가 쉽고 위생적이라 좋아요 원룸 자취 공간에 두기 딱 좋은 크기예요 디자인이 예쁘고ㅠㅠ,2024-06-22
122,P-1020,1,사이즈가 안 맞고 색상이 사진과 다르고 포장이 엉망이고 두 번 다시 안 사요,2024-02-02
123,P-1001,1,가격이 아깝고 사이즈가 헐렁하고 포장이 부실해서 파손됐고 환불 받고 싶네요!!,2024-04-18
124,P-1012,3,색상이 화면과 똑같고 배송이 느리고 그냥 무난해요,2024-06-03
125,P-1005,5,재구매 의사 있어요 재질이 튼튼하고 반려동물 강아지 있는 집인데 털 청소가 간편해 위생적이에요 사이즈가 넉넉하고 배송이 빠르고,2024-06-03
126,P-1036,5,원래 집에서 쓰려고 샀는데 가벼워서 차박 갈 때 챙겨 가요 사이즈가 정사이즈고 자취방이 좁은데 원룸 공간을 차지하지 않아 만족해요 포장이 꼼꼼하고 기대 이상이라 좋네요 색상이 화면과 똑같고,2024-05-08
127,P-1011,5,재구매 의사 있어요 디자인이 세련되고 포장이 꼼꼼하고 색상이 마음에 들고 자취방이 좁은데 원룸 공간을 차지하지 않아 만족해요 반려동물 키우는 집이라 털 청소가 쉽고 위생적이라 좋아요,2024-04-30
128,P-1024,1,사이즈가 안 맞고 재질이 싸구려 같고 가격이 비싼데 별로고 별점이 아까워요...,2024-02-25
129,P-1020,2,사이즈가 정사이즈고 디자인이 사진과 다르고 그냥 무난해요,2024-05-06
130,P-1020,5,디자인이 예쁘고 가볍고 휴대가 편해 차박 갈 때마다 챙겨요 가격이 만족스럽고 반려동물 키우는 집이라 털 청소가 쉽고 위생적이라 좋아요 기대 이상이라 좋네요 사이즈가 딱 맞고,2024-05-29
131,P-1006,5,재질이 튼튼하고 가격이 합리적이고 기대 이상이라 좋네요 포장이 꼼꼼하고 자취방이 좁은데 원룸 공간을 차지하지 않아 만족해요ㅋㅋ,2024-02-16
132,P-1034,5,재구매 의사 있어요 재질이 튼튼하고 사이즈가 넉넉하고 디자인이 세련되고 반려동물 키우는 집이라 털 청소가 쉽고 위생적이라 좋아요,2024-06-17
133,P-1028,4,포장이 꼼꼼하고 색상이 칙칙하고 그냥 무난해요,2024-06-02
134,P-1019,5,전체적으로 만족스러워요 사이즈가 딱 맞고 혼자 사는 원룸이라 공간 차지 안 하는 크기가 마음에 들어요 강아지 키우는데 털도 잘 안 붙고 청소가 쉬워요 디자인이 세련되고 재질이 튼튼하고,2024-06-16
135,P-1013,5,배송이 신속하고 전체적으로 만족스러워요 가격이 만족스럽고 재질이 부드럽고 자취방이 좁은데 원룸 공간을 차지하지 않아 만족해요!!,2024-02-13
136,P-1017,5,가격이 합리적이고 캠핑 차박 같은 야외에서 휴대가 편해 의외로 유용해요 사이즈가 딱 맞고 전체적으로 만족스러워요 자취방이 좁은데 원룸 공간을 차지하지 않아 만족해요 재질이 부드럽고...,2024-06-05
137,P-1013,1,디자인이 별로고 배송이 하세월이고 가격이 아깝고 별점이 아까워요,2024-04-25
138,P-1012,1,재질이 거칠고 포장이 엉망이고 배송이 느리고 완전 실망이에요...,2024-04-24
139,P-1038,1,색상이 이상하고 사이즈가 작고 재질이 싸구려 같고 두 번 다시 안 사요,2024-04-03
140,P-1034,5,사이즈가 넉넉하고 색상이 마음에 들고 재질이 부드럽고 자취방 원룸이 좁아서 걱정했는데 공간을 차지하지 않아요 반려동물 키우는 집이라 털 청소가 쉽고 위생적이라 좋아요 재구매 의사 있어요,2024-05-31
141,P-1020,1,색상이 이상하고 가격값을 못 하고 디자인이 별로고 환불 요청에 연락이 안 되고 환불 받고 싶네요ㅋㅋ,2024-05-03
142,P-1038,5,재질이 고급스럽고 강력 추천합니다 배송이 하루 만에 오고 디자인이 고급스럽고 가볍고 휴대가 편해 차박 갈 때마다 챙겨요 반려동물 강아지 있는 집인데 털 청소가 간편해 위생적이에요,2024-06-16
143,P-1006,1,환불이 계속 지연되고 재질이 싸구려 같고 가격값을 못 하고 완전 실망이에요,2024-03-22
144,P-1017,1,재질이 부실하고 포장이 엉망이고 디자인이 촌스럽고 완전 실망이에요...,2024-04-02
145,P-1035,1,사이즈가 작고 가격이 비싼데 별로고 완전 실망이에요,2024-02-17
146,P-1029,5,디자인이 고급스럽고 사이즈가 딱 맞고 반려동물 강아지 있는 집인데 털 청소가 간편해 위생적이에요 재구매 의사 있어요 재질이 튼튼하고,2024-04-27
147,P-1010,2,사이즈가 넉넉하고 배송이 하세월이고 그냥 무난해요,2024-05-28
148,P-1037,5,사이즈가 정사이즈고 디자인이 고급스럽고 재구매 의사 있어요 강아지 털이 안 붙어서 반려동물 키우는 분들께 추천해요 배송이 신속하고ㅠㅠ,2024-06-06
149,P-1027,5,혼자 사는 원룸이라 공간 차지 안 하는 크기가 마음에 들어요 배송이 빠르고 강아지 키우는데 털도 잘 안 붙고 청소가 쉬워요 전체적으로 만족스러워요 사이즈가 넉넉하고 재질이 고급스럽고...,2024-04-26
150,P-1000,1,디자인이 사진과 다르고 사이즈가 헐렁하고 환불 받고 싶네요ㅋㅋ,2024-04-03
151,P-1013,3,재질이 고급스럽고 포장이 엉망이고 그냥 무난해요,2024-01-16
152,P-1013,5,가격이 만족스럽고 재질이 부드럽고 전체적으로 만족스러워요 사이즈가 넉넉하고 혼자 사는 원룸이라 공간 차지 안 하는 크기가 마음에 들어요 가볍고 휴대가 편해 차박 갈 때마다 챙겨요ㅠㅠ,2024-06-03
153,P-1023,1,가격값을 못 하고 환불이 계속 지연되고 재질이 거칠고 디자인이 촌스럽고 두 번 다시 안 사요ㅋㅋ,2024-05-07
154,P-1003,1,가격이 아깝고 환불 취소 처리가 엉망이고 사이즈가 안 맞고 환불 받고 싶네요,2024-04-15
155,P-1002,5,재질이 부드럽고 기대 이상이라 좋네요 혼자 사는 원룸이라 공간 차지 안 하는 크기가 마음에 들어요 포장이 깔끔하고 사이즈가 넉넉하고,2024-01-30
156,P-1025,1,환불 문의에 연락이 두절이고 포장이 허술하고 재질이 거칠고 사이즈가 작고 완전 실망이에요,2024-04-19
157,P-1021,2,포장이 꼼꼼하고 디자인이 사진과 다르고 그냥 무난해요,2024-03-25
158,P-1011,1,배송이 느리고 환불 취소 처리가 엉망이고 재질이 거칠고 환불 받고 싶네요,2024-04-21
159,P-1037,5,재질이 튼튼하고 사이즈가 넉넉하고 가볍고 휴대가 편해 차박 갈 때마다 챙겨요 디자인이 고급스럽고 기대 이상이라 좋네요ㅠㅠ,2024-03-31
160,P-1007,5,재구매 의사 있어요 배송이 신속하고 포장이 꼼꼼하고 반려동물 강아지 있는 집인데 털 청소가 간편해 위생적이에요 캠핑 다닐 때 배낭에 넣어도 가벼워 부담 없어요 재질이 고급스럽고...,2024-05-28
161,P-1037,5,재구매 의사 있어요 재질이 고급스럽고 캠핑 다닐 때 배낭에 넣어도 가벼워 부담 없어요 색상이 선명하고 강아지 털이 안 붙어서 반려동물 키우는 분들께 추천해요 사이즈가 넉넉하고ㅋㅋ,2024-05-16
162,P-1036,3,재질이 튼튼하고 가격이 비싼데 별로고 그냥 무난해요,2024-01-16
163,P-1007,5,재구매 의사 있어요 디자인이 고급스럽고 배송이 하루 만에 오고 색상이 선명하고 반려동물 키우는 집이라 털 청소가 쉽고 위생적이라 좋아요,2024-04-19
164,P-1004,5,색상이 마음에 들고 강력 추천합니다 원래 집에서 쓰려고 샀는데 가벼워서 차박 갈 때 챙겨 가요 사이즈가 정사이즈고 배송이 빠르고ㅠㅠ,2024-04-25
165,P-1000,5,색상이 화면과 똑같고 캠핑 차박 같은 야외에서 휴대가 편해 의외로 유용해요 가성비가 훌륭하고 배송이 빠르고 기대 이상이라 좋네요,2024-04-29
166,P-1022,1,포장이 엉망이고 가격이 비싼데 별로고 환불이 계속 지연되고 사이즈가 작고 환불 받고 싶네요!!,2024-04-21
167,P-1001,1,색상이 사진과 다르고 포장이 허술하고 환불 문의에 연락이 두절이고 완전 실망이에요,2024-05-11
168,P-1021,1,디자인이 별로고 색상이 사진과 다르고 환불 취소 처리가 엉망이고 두 번 다시 안 사요ㅠㅠ,2024-05-12
169,P-1024,1,디자인이 별로고 배송이 일주일째 지연되고 환불 요청에 연락이 안 되고 재질이 싸구려 같고 두 번 다시 안 사요,2024-04-26
170,P-1021,1,사이즈가 작고 재질이 거칠고 가격값을 못 하고 별점이 아까워요ㅠㅠ,2024-05-24
171,P-1027,1,사이즈가 헐렁하고 배송이 하세월이고 디자인이 촌스럽고 환불 취소 처리가 엉망이고 완전 실망이에요ㅋㅋ,2024-04-22
172,P-1013,1,가격이 비싼데 별로고 포장이 부실해서 파손됐고 디자인이 별로고 환불이 계속 지연되고 두 번 다시 안 사요ㅋㅋ,2024-04-04
173,P-1038,3,재질이 부드럽고 사이즈가 안 맞고 그냥 무난해요,2024-04-18
174,P-1014,5,자취방 원룸이 좁아서 걱정했는데 공간을 차지하지 않아요 배송이 신속하고 재질이 부드럽고 디자인이 세련되고 강력 추천합니다,2024-02-21
175,P-1004,5,배송이 신속하고 재질이 튼튼하고 포장이 꼼꼼하고 전체적으로 만족스러워요 반려동물 키우는 집이라 털 청소가 쉽고 위생적이라 좋아요 자취 시작하면서 샀는데 좁은 원룸 공간에 잘 맞아요ㅋㅋ,2024-05-24
176,P-1017,1,색상이 이상하고 가격이 비싼데 별로고 디자인이 사진과 다르고 환불 요청에 연락이 안 되고 환불 받고 싶네요...,2024-04-06
177,P-1001,1,환불 문의에 연락이 두절이고 가격값을 못 하고 포장이 허술하고 두 번 다시 안 사요ㅋㅋ,2024-04-07
178,P-1001,5,캠핑 다닐 때 배낭에 넣어도 가벼워 부담 없어요 포장이 꼼꼼하고 전체적으로 만족스러워요 색상이 선명하고 배송이 빠르고 혼자 사는 원룸이라 공간 차지 안 하는 크기가 마음에 들어요!!,2024-05-22
179,P-1010,1,가격값을 못 하고 재질이 부실하고 배송이 일주일째 지연되고 별점이 아까워요!!,2024-04-05
180,P-1000,1,배송이 하세월이고 포장이 부실해서 파손됐고 사이즈가 헐렁하고 완전 실망이에요ㅠㅠ,2024-04-20
181,P-1035,1,디자인이 촌스럽고 가격값을 못 하고 포장이 엉망이고 환불 요청에 연락이 안 되고 두 번 다시 안 사요...,2024-04-14
182,P-1026,5,반려동물 키우는 집이라 털 청소가 쉽고 위생적이라 좋아요 가볍고 휴대가 편해 차박 갈 때마다 챙겨요 기대 이상이라 좋네요 디자인이 예쁘고 사이즈가 넉넉하고 배송이 신속하고...,2024-06-20
183,P-1023,5,디자인이 고급스럽고 사이즈가 넉넉하고 색상이 화면과 똑같고 차박 야외에서 휴대가 편하고 가벼워 유용해요 자취 시작하면서 샀는데 좁은 원룸 공간에 잘 맞아요 전체적으로 만족스러워요,2024-03-08
184,P-1030,1,배송이 느리고 포장이 허술하고 디자인이 촌스럽고 환불 받고 싶네요...,2024-04-09
185,P-1020,1,디자인이 별로고 색상이 이상하고 별점이 아까워요,2024-02-04
186,P-1027,4,배송이 신속하고 재질이 부실하고 그냥 무난해요,2024-03-20
187,P-1010,1,사이즈가 작고 환불 취소 처리가 엉망이고 재질이 거칠고 두 번 다시 안 사요,2024-03-24
188,P-1006,5,디자인이 고급스럽고 자취방 원룸이 좁아서 걱정했는데 공간을 차지하지 않아요 가격이 합리적이고 포장이 꼼꼼하고 재구매 의사 있어요!!,2024-02-17
189,P-1010,5,색상이 화면과 똑같고 자취 시작하면서 샀는데 좁은 원룸 공간에 잘 맞아요 반려동물 키우는 집이라 털 청소가 쉽고 위생적이라 좋아요 가격이 합리적이고 포장이 깔끔하고 강력 추천합니다...,2024-06-09
190,P-1026,1,포장이 부실해서 파손됐고 색상이 이상하고 환불 취소 처리가 엉망이고 재질이 부실하고 환불 받고 싶네요,2024-03-31
191,P-1012,1,가격이 비싼데 별로고 배송이 느리고 두 번 다시 안 사요,2024-01-23
192,P-1019,1,환불 요청에 연락이 안 되고 포장이 엉망이고 사이즈가 작고 재질이 부실하고 환불 받고 싶네요ㅋㅋ,2024-04-05
193,P-1018,5,캠핑 차박 같은 야외에서 휴대가 편해 의외로 유용해요 배송이 빠르고 재질이 고급스럽고 기대 이상이라 좋네요 사이즈가 넉넉하고 혼자 사는 원룸이라 공간 차지 안 하는 크기가 마음에 들어요ㅋㅋ,2024-05-05
194,P-1020,2,색상이 마음에 들고 배송이 하세월이고 그냥 무난해요,2024-04-01
195,P-1028,4,포장이 깔끔하고 색상이 사진과 다르고 그냥 무난해요,2024-05-03
196,P-1002,5,디자인이 고급스럽고 강아지 키우는데 털도 잘 안 붙고 청소가 쉬워요 색상이 선명하고 재구매 의사 있어요 원룸 자취 공간에 두기 딱 좋은 크기예요 포장이 깔끔하고!!,2024-05-04
197,P-1025,1,배송이 하세월이고 색상이 이상하고 환불 요청에 연락이 안 되고 포장이 엉망이고 별점이 아까워요ㅠㅠ,2024-03-26
198,P-1021,1,색상이 칙칙하고 사이즈가 안 맞고 환불 받고 싶네요,2024-04-04
199,P-1015,1,색상이 이상하고 환불 문의에 연락이 두절이고 배송이 일주일째 지연되고 가격이 아깝고 환불 받고 싶네요ㅋㅋ,2024-05-05
200,P-1011,1,색상이 이상하고 사이즈가 안 맞고 환불 요청에 연락이 안 되고 재질이 부실하고 환불 받고 싶네요...,2024-03-30
201,P-1005,5,색상이 선명하고 포장이 깔끔하고 재질이 부드럽고 강아지 털이 안 붙어서 반려동물 키우는 분들께 추천해요 재구매 의사 있어요 캠핑 차박 같은 야외에서 휴대가 편해 의외로 유용해요...,2024-04-12
202,P-1004,1,사이즈가 헐렁하고 배송이 일주일째 지연되고 디자인이 촌스럽고 환불 문의에 연락이 두절이고 별점이 아까워요...,2024-05-25
203,P-1002,1,환불 취소 처리가 엉망이고 가격값을 못 하고 재질이 싸구려 같고 완전 실망이에요,2024-04-18
204,P-1019,5,사이즈가 정사이즈고 캠핑 야외에서 쓰기 좋고 휴대가 편해요 배송이 빠르고 디자인이 고급스럽고 기대 이상이라 좋네요!!,2024-06-12
205,P-1004,5,자취 시작하면서 샀는데 좁은 원룸 공간에 잘 맞아요 재질이 튼튼하고 강아지 키우는데 털도 잘 안 붙고 청소가 쉬워요 사이즈가 정사이즈고 배송이 하루 만에 오고 전체적으로 만족스러워요!!,2024-05-01
206,P-1013,3,배송이 빠르고 사이즈가 안 맞고 그냥 무난해요,2024-03-31
207,P-1023,5,기대 이상이라 좋네요 사이즈가 딱 맞고 캠핑 차박 같은 야외에서 휴대가 편해 의외로 유용해요 디자인이 세련되고 색상이 마음에 들고 강아지 털이 안 붙어서 반려동물 키우는 분들께 추천해요,2024-06-12
208,P-1031,1,가격값을 못 하고 환불 문의에 연락이 두절이고 재질이 거칠고 사이즈가 안 맞고 환불 받고 싶네요!!,2024-03-27
209,P-1038,5,캠핑 차박 같은 야외에서 휴대가 편해 의외로 유용해요 디자인이 고급스럽고 재질이 튼튼하고 전체적으로 만족스러워요 색상이 화면과 똑같고,2024-06-09
210,P-1029,5,기대 이상이라 좋네요 색상이 마음에 들고 재질이 부드럽고 강아지 키우는데 털도 잘 안 붙고 청소가 쉬워요 디자인이 고급스럽고 자취 시작하면서 샀는데 좁은 원룸 공간에 잘 맞아요,2024-06-06
211,P-1022,1,배송이 느리고 색상이 칙칙하고 환불 문의에 연락이 두절이고 환불 받고 싶네요,2024-04-05
212,P-1030,5,가볍고 휴대가 편해 차박 갈 때마다 챙겨요 디자인이 고급스럽고 사이즈가 정사이즈고 가격이 합리적이고 기대 이상이라 좋네요 반려동물 키우는 집이라 털 청소가 쉽고 위생적이라 좋아요,2024-05-09
213,P-1003,1,환불 취소 처리가 엉망이고 디자인이 사진과 다르고 가격값을 못 하고 두 번 다시 안 사요...,2024-03-14
214,P-1035,1,디자인이 촌스럽고 포장이 엉망이고 두 번 다시 안 사요!!,2024-01-11
215,P-1020,1,환불이 계속 지연되고 디자인이 별로고 가격값을 못 하고 색상이 이상하고 별점이 아까워요,2024-04-14
216,P-1007,5,캠핑 차박 같은 야외에서 휴대가 편해 의외로 유용해요 배송이 신속하고 재구매 의사 있어요 가성비가 훌륭하고 자취 시작하면서 샀는데 좁은 원룸 공간에 잘 맞아요 사이즈가 넉넉하고!!,2024-04-11
217,P-1039,5,가격이 합리적이고 사이즈가 넉넉하고 재구매 의사 있어요 색상이 화면과 똑같고 강아지 털 청소가 쉬워서 반려동물 키우며 입소문 났어요...,2024-06-03
218,P-1018,4,색상이 선명하고 재질이 거칠고 그냥 무난해요,2024-05-21
219,P-1037,3,포장이 꼼꼼하고 배송이 일주일째 지연되고 그냥 무난해요,2024-02-10
220,P-1014,1,가격값을 못 하고 재질이 싸구려 같고 포장이 허술하고 두 번 다시 안 사요!!,2024-02-18
221,P-1032,5,포장이 정성스럽고 재구매 의사 있어요 재질이 고급스럽고 자취방 원룸이 좁아서 걱정했는데 공간을 차지하지 않아요 강아지 털이 안 붙어서 반려동물 키우는 분들께 추천해요 디자인이 세련되고,2024-05-15
222,P-1036,5,가볍고 휴대가 편해 차박 갈 때마다 챙겨요 강력 추천합니다 재질이 튼튼하고 디자인이 고급스럽고 가성비가 훌륭하고ㅠㅠ,2024-05-16
223,P-1019,1,배송이 하세월이고 포장이 부실해서 파손됐고 환불 요청에 연락이 안 되고 색상이 칙칙하고 완전 실망이에요,2024-04-12
224,P-1013,1,재질이 거칠고 디자인이 촌스럽고 환불 요청에 연락이 안 되고 가격이 아깝고 환불 받고 싶네요ㅠㅠ,2024-04-28
225,P-1031,2,디자인이 고급스럽고 포장이 부실해서 파손됐고 그냥 무난해요,2024-02-09
226,P-1033,3,색상이 화면과 똑같고 디자인이 사진과 다르고 그냥 무난해요,2024-03-20
227,P-1000,1,사이즈가 안 맞고 포장이 부실해서 파손됐고 배송이 일주일째 지연되고 별점이 아까워요,2024-03-26
228,P-1038,3,포장이 깔끔하고 디자인이 사진과 다르고 그냥 무난해요,2024-02-03
229,P-1014,5,포장이 정성스럽고 강력 추천합니다 차박 야외에서 휴대가 편하고 가벼워 유용해요 배송이 신속하고 색상이 마음에 들고,2024-05-18
230,P-1039,1,가격이 비싼데 별로고 포장이 엉망이고 환불 취소 처리가 엉망이고 별점이 아까워요!!,2024-04-15
231,P-1035,5,배송이 하루 만에 오고 디자인이 세련되고 가볍고 휴대가 편해 차박 갈 때마다 챙겨요 재구매 의사 있어요 사이즈가 넉넉하고ㅠㅠ,2024-06-13
232,P-1039,1,사이즈가 헐렁하고 환불 문의에 연락이 두절이고 재질이 거칠고 완전 실망이에요,2024-04-27
233,P-1038,5,전체적으로 만족스러워요 가성비가 훌륭하고 원래 집에서 쓰려고 샀는데 가벼워서 차박 갈 때 챙겨 가요 강아지 털 청소가 쉬워서 반려동물 키우며 입소문 났어요 사이즈가 딱 맞고 재질이 튼튼하고...,2024-05-15
234,P-1022,1,사이즈가 헐렁하고 환불 요청에 연락이 안 되고 색상이 이상하고 디자인이 사진과 다르고 환불 받고 싶네요ㅠㅠ,2024-05-24
235,P-1026,5,포장이 꼼꼼하고 전체적으로 만족스러워요 차박 야외에서 휴대가 편하고 가벼워 유용해요 재질이 고급스럽고 사이즈가 넉넉하고...,2024-05-06
236,P-1005,1,사이즈가 헐렁하고 포장이 허술하고 가격이 비싼데 별로고 환불 받고 싶네요...,2024-03-20
237,P-1039,5,기대 이상이라 좋네요 색상이 마음에 들고 반려동물 키우는 집이라 털 청소가 쉽고 위생적이라 좋아요 가성비가 훌륭하고 재질이 부드럽고,2024-05-08
238,P-1002,1,색상이 칙칙하고 디자인이 촌스럽고 배송이 하세월이고 환불 문의에 연락이 두절이고 별점이 아까워요,2024-04-10
239,P-1035,5,기대 이상이라 좋네요 자취 시작하면서 샀는데 좁은 원룸 공간에 잘 맞아요 색상이 화면과 똑같고 재질이 고급스럽고 포장이 정성스럽고,2024-01-23
240,P-1015,1,디자인이 별로고 색상이 사진과 다르고 환불 받고 싶네요,2024-05-06
241,P-1007,1,포장이 부실해서 파손됐고 색상이 이상하고 재질이 싸구려 같고 환불이 계속 지연되고 환불 받고 싶네요ㅋㅋ,2024-04-14
242,P-1029,5,가볍고 휴대가 편해 차박 갈 때마다 챙겨요 색상이 화면과 똑같고 재질이 고급스럽고 포장이 꼼꼼하고 재구매 의사 있어요,2024-06-09
243,P-1035,1,디자인이 촌스럽고 가격값을 못 하고 환불 받고 싶네요,2024-03-26
244,P-1032,5,재질이 부드럽고 강력 추천합니다 디자인이 고급스럽고 캠핑 다닐 때 배낭에 넣어도 가벼워 부담 없어요 가격이 합리적이고,2024-05-31
245,P-1029,1,디자인이 별로고 가격값을 못 하고 환불 요청에 연락이 안 되고 재질이 부실하고 환불 받고 싶네요,2024-04-01
246,P-1017,1,포장이 허술하고 디자인이 촌스럽고 재질이 부실하고 별점이 아까워요...,2024-03-20
247,P-1026,1,가격이 비싼데 별로고 배송이 느리고 사이즈가 헐렁하고 환불 받고 싶네요,2024-04-21
248,P-1030,3,포장이 꼼꼼하고 가격이 아깝고 그냥 무난해요,2024-05-03
249,P-1003,1,디자인이 별로고 환불이 계속 지연되고 포장이 엉망이고 색상이 이상하고 두 번 다시 안 사요,2024-04-17
250,P-1012,5,가격이 합리적이고 색상이 마음에 들고 포장이 꼼꼼하고 원룸 자취 공간에 두기 딱 좋은 크기예요 원래 집에서 쓰려고 샀는데 가벼워서 차박 갈 때 챙겨 가요 기대 이상이라 좋네요!!,2024-06-04
251,P-1011,5,배송이 신속하고 디자인이 예쁘고 기대 이상이라 좋네요 재질이 튼튼하고 반려동물 강아지 있는 집인데 털 청소가 간편해 위생적이에요 캠핑 야외에서 쓰기 좋고 휴대가 편해요,2024-06-03
252,P-1024,1,포장이 부실해서 파손됐고 가격이 비싼데 별로고 배송이 하세월이고 환불 문의에 연락이 두절이고 환불 받고 싶네요,2024-05-11
253,P-1000,1,색상이 사진과 다르고 재질이 싸구려 같고 환불 문의에 연락이 두절이고 사이즈가 작고 완전 실망이에요!!,2024-04-24
254,P-1027,1,배송이 하세월이고 색상이 이상하고 디자인이 사진과 다르고 별점이 아까워요,2024-05-15
255,P-1004,5,강력 추천합니다 강아지 털이 안 붙어서 반려동물 키우는 분들께 추천해요 자취방이 좁은데 원룸 공간을 차지하지 않아 만족해요 색상이 선명하고 포장이 깔끔하고 배송이 하루 만에 오고,2024-06-20
256,P-1002,5,재질이 고급스럽고 캠핑 야외에서 쓰기 좋고 휴대가 편해요 재구매 의사 있어요 배송이 신속하고 색상이 화면과 똑같고ㅠㅠ,2024-06-04
257,P-1021,5,반려동물 키우는 집이라 털 청소가 쉽고 위생적이라 좋아요 가성비가 훌륭하고 전체적으로 만족스러워요 디자인이 세련되고 재질이 고급스럽고,2024-04-25
258,P-1012,1,배송이 하세월이고 재질이 부실하고 사이즈가 작고 환불 취소 처리가 엉망이고 환불 받고 싶네요,2024-04-03
259,P-1004,1,환불 취소 처리가 엉망이고 색상이 이상하고 디자인이 별로고 사이즈가 안 맞고 별점이 아까워요!!,2024-04-13
260,P-1029,5,배송이 하루 만에 오고 재구매 의사 있어요 포장이 꼼꼼하고 사이즈가 딱 맞고 자취방이 좁은데 원룸 공간을 차지하지 않아 만족해요!!,2024-04-03
261,P-1026,5,배송이 하루 만에 오고 전체적으로 만족스러워요 반려동물 강아지 있는 집인데 털 청소가 간편해 위생적이에요 가성비가 훌륭하고 디자인이 고급스럽고 캠핑 야외에서 쓰기 좋고 휴대가 편해요,2024-04-27
262,P-1005,1,배송이 일주일째 지연되고 디자인이 촌스럽고 가격이 비싼데 별로고 두 번 다시 안 사요ㅋㅋ,2024-05-14
263,P-1011,5,재구매 의사 있어요 재질이 고급스럽고 배송이 신속하고 가격이 만족스럽고 원래 집에서 쓰려고 샀는데 가벼워서 차박 갈 때 챙겨 가요!!,2024-04-11
264,P-1037,5,디자인이 고급스럽고 배송이 하루 만에 오고 전체적으로 만족스러워요 캠핑 야외에서 쓰기 좋고 휴대가 편해요 가격이 만족스럽고!!,2024-05-19
265,P-1015,1,배송이 일주일째 지연되고 포장이 부실해서 파손됐고 별점이 아까워요,2024-04-15
266,P-1031,1,디자인이 별로고 사이즈가 안 맞고 배송이 느리고 환불 받고 싶네요...,2024-04-29
267,P-1011,1,배송이 하세월이고 포장이 허술하고 가격이 아깝고 환불 받고 싶네요,2024-05-10
268,P-1000,5,배송이 빠르고 사이즈가 딱 맞고 색상이 선명하고 강력 추천합니다 자취 시작하면서 샀는데 좁은 원룸 공간에 잘 맞아요ㅋㅋ,2024-02-09
269,P-1013,1,배송이 느리고 디자인이 별로고 두 번 다시 안 사요,2024-03-18
270,P-1038,5,강아지 털이 안 붙어서 반려동물 키우는 분들께 추천해요 포장이 깔끔하고 색상이 선명하고 전체적으로 만족스러워요 가격이 만족스럽고ㅋㅋ,2024-06-23
271,P-1027,5,재질이 고급스럽고 차박 야외에서 휴대가 편하고 가벼워 유용해요 디자인이 세련되고 포장이 깔끔하고 재구매 의사 있어요...,2024-06-16
272,P-1008,1,디자인이 사진과 다르고 포장이 부실해서 파손됐고 환불 받고 싶네요,2024-04-17
273,P-1036,3,배송이 신속하고 사이즈가 안 맞고 그냥 무난해요,2024-04-13
274,P-1007,5,디자인이 고급스럽고 자취 시작하면서 샀는데 좁은 원룸 공간에 잘 맞아요 캠핑 차박 같은 야외에서 휴대가 편해 의외로 유용해요 재질이 튼튼하고 재구매 의사 있어요 배송이 하루 만에 오고ㅠㅠ,2024-03-25
275,P-1032,1,색상이 이상하고 사이즈가 안 맞고 배송이 하세월이고 완전 실망이에요ㅋㅋ,2024-04-19
276,P-1029,5,반려동물 키우는 집이라 털 청소가 쉽고 위생적이라 좋아요 사이즈가 정사이즈고 배송이 빠르고 원룸 자취 공간에 두기 딱 좋은 크기예요 기대 이상이라 좋네요 색상이 마음에 들고,2024-06-14
277,P-1028,1,가격이 비싼데 별로고 재질이 싸구려 같고 색상이 칙칙하고 환불 받고 싶네요ㅠㅠ,2024-03-29
278,P-1009,1,디자인이 별로고 재질이 싸구려 같고 환불 취소 처리가 엉망이고 배송이 하세월이고 별점이 아까워요...,2024-04-29
279,P-1001,5,배송이 신속하고 디자인이 세련되고 가격이 만족스럽고 기대 이상이라 좋네요 캠핑 다닐 때 배낭에 넣어도 가벼워 부담 없어요...,2024-05-23
280,P-1036,5,재구매 의사 있어요 재질이 부드럽고 색상이 마음에 들고 디자인이 세련되고 강아지 털이 안 붙어서 반려동물 키우는 분들께 추천해요...,2024-05-28
281,P-1028,1,포장이 허술하고 색상이 이상하고 환불 받고 싶네요,2024-04-28
282,P-1014,2,재질이 튼튼하고 배송이 하세월이고 그냥 무난해요,2024-05-05
283,P-1029,1,포장이 허술하고 색상이 이상하고 사이즈가 안 맞고 별점이 아까워요,2024-02-22
284,P-1019,1,색상이 칙칙하고 재질이 거칠고 두 번 다시 안 사요,2024-06-08
285,P-1015,5,캠핑 다닐 때 배낭에 넣어도 가벼워 부담 없어요 배송이 신속하고 색상이 마음에 들고 가격이 만족스럽고 전체적으로 만족스러워요 자취방 원룸이 좁아서 걱정했는데 공간을 차지하지 않아요,2024-04-10
286,P-1003,5,사이즈가 정사이즈고 재질이 고급스럽고 색상이 마음에 들고 가볍고 휴대가 편해 차박 갈 때마다 챙겨요 강아지 키우는데 털도 잘 안 붙고 청소가 쉬워요 전체적으로 만족스러워요ㅠㅠ,2024-03-30
287,P-1000,5,사이즈가 정사이즈고 배송이 신속하고 가격이 합리적이고 강아지 키우는데 털도 잘 안 붙고 청소가 쉬워요 강력 추천합니다 혼자 사는 원룸이라 공간 차지 안 하는 크기가 마음에 들어요,2024-05-30
288,P-1014,1,배송이 일주일째 지연되고 사이즈가 헐렁하고 재질이 부실하고 별점이 아까워요!!,2024-04-20
289,P-1012,1,사이즈가 작고 재질이 부실하고 디자인이 촌스럽고 두 번 다시 안 사요,2024-05-09
290,P-1028,5,사이즈가 넉넉하고 기대 이상이라 좋네요 색상이 화면과 똑같고 강아지 키우는데 털도 잘 안 붙고 청소가 쉬워요 자취방 원룸이 좁아서 걱정했는데 공간을 차지하지 않아요 배송이 빠르고!!,2024-06-13
291,P-1039,5,재질이 고급스럽고 가격이 합리적이고 혼자 사는 원룸이라 공간 차지 안 하는 크기가 마음에 들어요 색상이 선명하고 캠핑 다닐 때 배낭에 넣어도 가벼워 부담 없어요 기대 이상이라 좋네요!!,2024-05-20
292,P-1023,1,디자인이 사진과 다르고 재질이 부실하고 배송이 일주일째 지연되고 환불 받고 싶네요...,2024-04-18
293,P-1026,5,가격이 만족스럽고 사이즈가 정사이즈고 재질이 튼튼하고 캠핑 야외에서 쓰기 좋고 휴대가 편해요 자취 시작하면서 샀는데 좁은 원룸 공간에 잘 맞아요 강력 추천합니다!!,2024-03-12
294,P-1006,5,색상이 마음에 들고 강력 추천합니다 포장이 정성스럽고 강아지 털 청소가 쉬워서 반려동물 키우며 입소문 났어요 재질이 부드럽고 자취방 원룸이 좁아서 걱정했는데 공간을 차지하지 않아요,2024-05-07
295,P-1000,1,배송이 일주일째 지연되고 색상이 이상하고 완전 실망이에요ㅠㅠ,2024-04-02
296,P-1019,5,자취 시작하면서 샀는데 좁은 원룸 공간에 잘 맞아요 기대 이상이라 좋네요 강아지 키우는데 털도 잘 안 붙고 청소가 쉬워요 사이즈가 딱 맞고 배송이 빠르고 디자인이 세련되고ㅋㅋ,2024-06-02
297,P-1035,5,캠핑 다닐 때 배낭에 넣어도 가벼워 부담 없어요 자취방 원룸이 좁아서 걱정했는데 공간을 차지하지 않아요 재질이 부드럽고 사이즈가 넉넉하고 재구매 의사 있어요 디자인이 예쁘고...,2024-05-02
298,P-1005,5,사이즈가 넉넉하고 재질이 고급스럽고 강력 추천합니다 차박 야외에서 휴대가 편하고 가벼워 유용해요 색상이 선명하고 자취방이 좁은데 원룸 공간을 차지하지 않아 만족해요,2024-05-28
299,P-1038,4,사이즈가 넉넉하고 배송이 일주일째 지연되고 그냥 무난해요,2024-05-17
300,P-1006,1,포장이 엉망이고 사이즈가 안 맞고 디자인이 촌스럽고 환불 요청에 연락이 안 되고 환불 받고 싶네요,2024-05-11
301,P-1002,5,캠핑 다닐 때 배낭에 넣어도 가벼워 부담 없어요 강력 추천합니다 색상이 마음에 들고 배송이 신속하고 디자인이 고급스럽고,2024-06-11
302,P-1026,1,가격이 아깝고 포장이 엉망이고 별점이 아까워요ㅠㅠ,2024-02-06
303,P-1029,5,캠핑 야외에서 쓰기 좋고 휴대가 편해요 가격이 합리적이고 재질이 부드럽고 강력 추천합니다 혼자 사는 원룸이라 공간 차지 안 하는 크기가 마음에 들어요 디자인이 세련되고ㅠㅠ,2024-04-16
304,P-1016,5,전체적으로 만족스러워요 강아지 털 청소가 쉬워서 반려동물 키우며 입소문 났어요 포장이 꼼꼼하고 재질이 부드럽고 디자인이 예쁘고 차박 야외에서 휴대가 편하고 가벼워 유용해요...,2024-04-05
305,P-1033,1,배송이 일주일째 지연되고 재질이 거칠고 환불 취소 처리가 엉망이고 가격이 아깝고 별점이 아까워요!!,2024-04-21
306,P-1034,5,색상이 선명하고 강아지 털 청소가 쉬워서 반려동물 키우며 입소문 났어요 강력 추천합니다 사이즈가 넉넉하고 재질이 부드럽고...,2024-04-02
307,P-1006,5,강력 추천합니다 디자인이 고급스럽고 원룸 자취 공간에 두기 딱 좋은 크기예요 색상이 화면과 똑같고 배송이 하루 만에 오고ㅠㅠ,2024-02-12
308,P-1001,5,자취방 원룸이 좁아서 걱정했는데 공간을 차지하지 않아요 사이즈가 넉넉하고 재구매 의사 있어요 포장이 정성스럽고 색상이 선명하고,2024-02-07
309,P-1000,1,배송이 일주일째 지연되고 가격이 아깝고 포장이 허술하고 별점이 아까워요!!,2024-05-11
310,P-1008,5,기대 이상이라 좋네요 차박 야외에서 휴대가 편하고 가벼워 유용해요 배송이 신속하고 색상이 화면과 똑같고 디자인이 세련되고ㅠㅠ,2024-04-17
311,P-1003,5,재질이 튼튼하고 디자인이 예쁘고 포장이 정성스럽고 기대 이상이라 좋네요 자취방이 좁은데 원룸 공간을 차지하지 않아 만족해요ㅋㅋ,2024-01-24
312,P-1020,5,기대 이상이라 좋네요 배송이 신속하고 캠핑 다닐 때 배낭에 넣어도 가벼워 부담 없어요 반려동물 강아지 있는 집인데 털 청소가 간편해 위생적이에요 가격이 합리적이고 포장이 꼼꼼하고!!,2024-04-23
313,P-1032,2,배송이 신속하고 디자인이 촌스럽고 그냥 무난해요,2024-05-13
314,P-1021,3,재질이 고급스럽고 디자인이 사진과 다르고 그냥 무난해요,2024-01-25
315,P-1030,5,기대 이상이라 좋네요 재질이 튼튼하고 가볍고 휴대가 편해 차박 갈 때마다 챙겨요 강아지 털이 안 붙어서 반려동물 키우는 분들께 추천해요 포장이 정성스럽고 디자인이 세련되고...,2024-04-11
316,P-1022,2,배송이 신속하고 사이즈가 작고 그냥 무난해요,2024-01-14
317,P-1028,1,재질이 부실하고 배송이 느리고 완전 실망이에요ㅋㅋ,2024-05-18
318,P-1018,1,재질이 부실하고 색상이 칙칙하고 별점이 아까워요ㅋㅋ,2024-02-05
319,P-1035,5,색상이 마음에 들고 디자인이 세련되고 포장이 정성스럽고 전체적으로 만족스러워요 반려동물 키우는 집이라 털 청소가 쉽고 위생적이라 좋아요ㅠㅠ,2024-05-23
320,P-1033,1,재질이 부실하고 배송이 일주일째 지연되고 포장이 엉망이고 별점이 아까워요,2024-04-07
321,P-1018,5,캠핑 차박 같은 야외에서 휴대가 편해 의외로 유용해요 자취방이 좁은데 원룸 공간을 차지하지 않아 만족해요 재구매 의사 있어요 색상이 선명하고 재질이 부드럽고 디자인이 세련되고ㅋㅋ,2024-05-12
322,P-1026,5,재구매 의사 있어요 혼자 사는 원룸이라 공간 차지 안 하는 크기가 마음에 들어요 사이즈가 딱 맞고 배송이 하루 만에 오고 포장이 정성스럽고...,2024-01-23
323,P-1034,5,재질이 튼튼하고 자취방이 좁은데 원룸 공간을 차지하지 않아 만족해요 전체적으로 만족스러워요 포장이 깔끔하고 디자인이 예쁘고ㅠㅠ,2024-02-16
324,P-1032,1,재질이 부실하고 포장이 부실해서 파손됐고 별점이 아까워요,2024-05-06
325,P-1027,5,색상이 화면과 똑같고 디자인이 예쁘고 자취방 원룸이 좁아서 걱정했는데 공간을 차지하지 않아요 가성비가 훌륭하고 강력 추천합니다,2024-01-23
326,P-1027,1,색상이 사진과 다르고 디자인이 사진과 다르고 환불 취소 처리가 엉망이고 가격이 아깝고 환불 받고 싶네요,2024-03-28
327,P-1021,1,재질이 거칠고 가격이 아깝고 환불이 계속 지연되고 환불 받고 싶네요ㅠㅠ,2024-04-24
328,P-1023,1,재질이 거칠고 디자인이 별로고 완전 실망이에요,2024-05-15
329,P-1001,1,재질이 싸구려 같고 환불이 계속 지연되고 가격이 아깝고 사이즈가 작고 별점이 아까워요!!,2024-04-09
330,P-1003,5,포장이 깔끔하고 강아지 키우는데 털도 잘 안 붙고 청소가 쉬워요 자취방이 좁은데 원룸 공간을 차지하지 않아 만족해요 사이즈가 정사이즈고 재질이 고급스럽고 강력 추천합니다ㅠㅠ,2024-06-23
331,P-1007,5,차박 야외에서 휴대가 편하고 가벼워 유용해요 디자인이 세련되고 강력 추천합니다 포장이 정성스럽고 반려동물 키우는 집이라 털 청소가 쉽고 위생적이라 좋아요 가격이 만족스럽고!!,2024-05-23
332,P-1027,5,재질이 튼튼하고 자취 시작하면서 샀는데 좁은 원룸 공간에 잘 맞아요 디자인이 고급스럽고 전체적으로 만족스러워요 가격이 만족스럽고,2024-01-29
333,P-1020,5,배송이 신속하고 캠핑 다닐 때 배낭에 넣어도 가벼워 부담 없어요 디자인이 세련되고 기대 이상이라 좋네요 사이즈가 딱 맞고,2024-06-17
334,P-1031,1,배송이 일주일째 지연되고 가격이 아깝고 디자인이 촌스럽고 별점이 아까워요,2024-03-17
335,P-1035,1,재질이 부실하고 디자인이 별로고 포장이 엉망이고 환불이 계속 지연되고 완전 실망이에요,2024-04-14
336,P-1008,1,사이즈가 안 맞고 재질이 싸구려 같고 환불 받고 싶네요...,2024-03-27
337,P-1018,2,배송이 하루 만에 오고 디자인이 사진과 다르고 그냥 무난해요,2024-06-23
338,P-1031,5,디자인이 세련되고 포장이 정성스럽고 강아지 키우는데 털도 잘 안 붙고 청소가 쉬워요 배송이 빠르고 캠핑 야외에서 쓰기 좋고 휴대가 편해요 재구매 의사 있어요,2024-03-31
339,P-1005,1,디자인이 촌스럽고 환불 취소 처리가 엉망이고 가격이 비싼데 별로고 환불 받고 싶네요ㅠㅠ,2024-04-23
340,P-1031,3,가성비가 훌륭하고 포장이 엉망이고 그냥 무난해요,2024-06-24
341,P-1016,5,기대 이상이라 좋네요 사이즈가 넉넉하고 가격이 합리적이고 색상이 선명하고 원래 집에서 쓰려고 샀는데 가벼워서 차박 갈 때 챙겨 가요,2024-06-02
342,P-1020,1,배송이 일주일째 지연되고 가격값을 못 하고 환불 받고 싶네요ㅋㅋ,2024-04-11
343,P-1002,5,재질이 고급스럽고 배송이 하루 만에 오고 반려동물 강아지 있는 집인데 털 청소가 간편해 위생적이에요 강력 추천합니다 가격이 만족스럽고!!,2024-03-27
344,P-1009,5,기대 이상이라 좋네요 반려동물 강아지 있는 집인데 털 청소가 간편해 위생적이에요 자취방 원룸이 좁아서 걱정했는데 공간을 차지하지 않아요 색상이 화면과 똑같고 재질이 부드럽고 디자인이 고급스럽고...,2024-06-05
345,P-1011,1,포장이 부실해서 파손됐고 색상이 칙칙하고 환불 받고 싶네요,2024-03-24
346,P-1010,1,사이즈가 헐렁하고 색상이 이상하고 환불이 계속 지연되고 완전 실망이에요ㅠㅠ,2024-04-05
347,P-1027,5,포장이 깔끔하고 색상이 선명하고 자취방이 좁은데 원룸 공간을 차지하지 않아 만족해요 재구매 의사 있어요 가격이 합리적이고,2024-01-12
348,P-1036,1,디자인이 사진과 다르고 가격이 아깝고 완전 실망이에요,2024-02-03
349,P-1010,5,포장이 정성스럽고 자취 시작하면서 샀는데 좁은 원룸 공간에 잘 맞아요 기대 이상이라 좋네요 사이즈가 정사이즈고 가격이 만족스럽고,2024-02-12
350,P-1007,5,강력 추천합니다 디자인이 예쁘고 색상이 선명하고 자취방이 좁은데 원룸 공간을 차지하지 않아 만족해요 가격이 만족스럽고ㅋㅋ,2024-01-21
351,P-1002,5,기대 이상이라 좋네요 색상이 화면과 똑같고 디자인이 고급스럽고 사이즈가 넉넉하고 자취 시작하면서 샀는데 좁은 원룸 공간에 잘 맞아요,2024-02-03
352,P-1025,1,디자인이 사진과 다르고 색상이 이상하고 환불이 계속 지연되고 환불 받고 싶네요!!,2024-04-24
353,P-1016,5,재질이 부드럽고 가성비가 훌륭하고 강아지 털이 안 붙어서 반려동물 키우는 분들께 추천해요 배송이 하루 만에 오고 강력 추천합니다!!,2024-06-02
354,P-1039,5,강력 추천합니다 사이즈가 넉넉하고 강아지 키우는데 털도 잘 안 붙고 청소가 쉬워요 색상이 화면과 똑같고 디자인이 예쁘고...,2024-04-23
355,P-1013,1,색상이 이상하고 사이즈가 안 맞고 완전 실망이에요,2024-02-02
356,P-1028,5,가격이 만족스럽고 색상이 화면과 똑같고 반려동물 키우는 집이라 털 청소가 쉽고 위생적이라 좋아요 기대 이상이라 좋네요 디자인이 예쁘고!!,2024-06-22
357,P-1038,1,색상이 이상하고 가격이 비싼데 별로고 별점이 아까워요ㅋㅋ,2024-05-25
358,P-1008,3,재질이 튼튼하고 포장이 부실해서 파손됐고 그냥 무난해요,2024-02-05
359,P-1020,2,포장이 정성스럽고 사이즈가 헐렁하고 그냥 무난해요,2024-05-20
360,P-1010,1,환불 요청에 연락이 안 되고 사이즈가 안 맞고 배송이 하세월이고 색상이 사진과 다르고 환불 받고 싶네요...,2024-04-17
361,P-1024,1,색상이 사진과 다르고 디자인이 사진과 다르고 가격값을 못 하고 환불 요청에 연락이 안 되고 완전 실망이에요ㅠㅠ,2024-04-10
362,P-1002,5,가성비가 훌륭하고 배송이 신속하고 자취방 원룸이 좁아서 걱정했는데 공간을 차지하지 않아요 캠핑 다닐 때 배낭에 넣어도 가벼워 부담 없어요 사이즈가 넉넉하고 재구매 의사 있어요!!,2024-06-19
363,P-1021,4,사이즈가 딱 맞고 포장이 허술하고 그냥 무난해요,2024-04-22
364,P-1007,4,배송이 신속하고 포장이 허술하고 그냥 무난해요,2024-05-22
365,P-1011,5,자취 시작하면서 샀는데 좁은 원룸 공간에 잘 맞아요 재질이 부드럽고 강아지 털 청소가 쉬워서 반려동물 키우며 입소문 났어요 포장이 정성스럽고 기대 이상이라 좋네요 가격이 만족스럽고ㅠㅠ,2024-04-04
366,P-1018,2,디자인이 고급스럽고 포장이 허술하고 그냥 무난해요,2024-01-14
367,P-1023,5,디자인이 세련되고 강아지 키우는데 털도 잘 안 붙고 청소가 쉬워요 재질이 튼튼하고 자취 시작하면서 샀는데 좁은 원룸 공간에 잘 맞아요 사이즈가 정사이즈고 강력 추천합니다ㅠㅠ,2024-04-25
368,P-1017,1,디자인이 별로고 환불이 계속 지연되고 사이즈가 작고 배송이 느리고 완전 실망이에요ㅋㅋ,2024-03-21
369,P-1008,5,재질이 부드럽고 사이즈가 넉넉하고 강력 추천합니다 자취방이 좁은데 원룸 공간을 차지하지 않아 만족해요 배송이 하루 만에 오고...,2024-03-09
370,P-1016,5,디자인이 고급스럽고 가성비가 훌륭하고 전체적으로 만족스러워요 사이즈가 정사이즈고 반려동물 키우는 집이라 털 청소가 쉽고 위생적이라 좋아요!!,2024-05-21
371,P-1011,1,사이즈가 작고 색상이 사진과 다르고 포장이 부실해서 파손됐고 두 번 다시 안 사요ㅠㅠ,2024-01-24
372,P-1016,1,배송이 느리고 포장이 부실해서 파손됐고 가격이 비싼데 별로고 환불 받고 싶네요ㅋㅋ,2024-05-06
373,P-1008,5,배송이 신속하고 강아지 털 청소가 쉬워서 반려동물 키우며 입소문 났어요 자취 시작하면서 샀는데 좁은 원룸 공간에 잘 맞아요 강력 추천합니다 사이즈가 넉넉하고 가성비가 훌륭하고!!,2024-05-13
374,P-1020,1,배송이 하세월이고 포장이 허술하고 가격값을 못 하고 환불 받고 싶네요ㅠㅠ,2024-03-28
375,P-1007,1,배송이 하세월이고 사이즈가 헐렁하고 디자인이 사진과 다르고 완전 실망이에요,2024-04-11
376,P-1033,5,배송이 하루 만에 오고 캠핑 다닐 때 배낭에 넣어도 가벼워 부담 없어요 사이즈가 넉넉하고 가격이 합리적이고 기대 이상이라 좋네요 자취 시작하면서 샀는데 좁은 원룸 공간에 잘 맞아요!!,2024-06-14
377,P-1025,1,재질이 거칠고 포장이 허술하고 배송이 일주일째 지연되고 완전 실망이에요,2024-04-14
378,P-1009,5,재질이 튼튼하고 사이즈가 넉넉하고 자취방 원룸이 좁아서 걱정했는데 공간을 차지하지 않아요 재구매 의사 있어요 디자인이 예쁘고,2024-02-24
379,P-1029,1,배송이 일주일째 지연되고 가격값을 못 하고 환불 취소 처리가 엉망이고 별점이 아까워요...,2024-03-07
380,P-1030,5,포장이 꼼꼼하고 디자인이 고급스럽고 반려동물 키우는 집이라 털 청소가 쉽고 위생적이라 좋아요 기대 이상이라 좋네요 색상이 선명하고 캠핑 차박 같은 야외에서 휴대가 편해 의외로 유용해요ㅋㅋ,2024-05-15
381,P-1037,5,사이즈가 정사이즈고 재질이 부드럽고 반려동물 키우는 집이라 털 청소가 쉽고 위생적이라 좋아요 재구매 의사 있어요 디자인이 예쁘고,2024-04-20
382,P-1022,5,강아지 털이 안 붙어서 반려동물 키우는 분들께 추천해요 색상이 화면과 똑같고 자취 시작하면서 샀는데 좁은 원룸 공간에 잘 맞아요 배송이 신속하고 가격이 합리적이고 강력 추천합니다,2024-05-31
383,P-1024,1,포장이 엉망이고 색상이 칙칙하고 가격값을 못 하고 두 번 다시 안 사요,2024-04-29
384,P-1032,1,환불 문의에 연락이 두절이고 재질이 싸구려 같고 사이즈가 작고 디자인이 사진과 다르고 환불 받고 싶네요...,2024-04-13
385,P-1021,1,환불 문의에 연락이 두절이고 배송이 하세월이고 포장이 부실해서 파손됐고 별점이 아까워요,2024-05-03
386,P-1028,1,포장이 엉망이고 사이즈가 작고 환불 취소 처리가 엉망이고 재질이 부실하고 두 번 다시 안 사요,2024-04-02
387,P-1028,5,사이즈가 딱 맞고 전체적으로 만족스러워요 가격이 합리적이고 재질이 부드럽고 차박 야외에서 휴대가 편하고 가벼워 유용해요,2024-05-26
388,P-1013,1,배송이 하세월이고 색상이 사진과 다르고 별점이 아까워요ㅋㅋ,2024-05-14
389,P-1010,1,포장이 부실해서 파손됐고 환불 요청에 연락이 안 되고 색상이 칙칙하고 두 번 다시 안 사요ㅠㅠ,2024-04-27
390,P-1007,3,색상이 선명하고 포장이 엉망이고 그냥 무난해요,2024-01-18
391,P-1005,1,배송이 일주일째 지연되고 색상이 사진과 다르고 완전 실망이에요!!,2024-04-05
392,P-1016,5,재구매 의사 있어요 자취방이 좁은데 원룸 공간을 차지하지 않아 만족해요 가격이 만족스럽고 재질이 부드럽고 차박 야외에서 휴대가 편하고 가벼워 유용해요 색상이 화면과 똑같고...,2024-04-02
393,P-1009,1,환불 요청에 연락이 안 되고 재질이 부실하고 포장이 허술하고 디자인이 촌스럽고 별점이 아까워요ㅠㅠ,2024-04-06
394,P-1029,3,디자인이 예쁘고 색상이 이상하고 그냥 무난해요,2024-04-24
395,P-1006,1,가격값을 못 하고 사이즈가 헐렁하고 재질이 거칠고 별점이 아까워요,2024-05-09
396,P-1020,5,강력 추천합니다 차박 야외에서 휴대가 편하고 가벼워 유용해요 강아지 털이 안 붙어서 반려동물 키우는 분들께 추천해요 포장이 깔끔하고 가격이 합리적이고 사이즈가 넉넉하고!!,2024-05-31
397,P-1033,1,가격값을 못 하고 사이즈가 안 맞고 포장이 부실해서 파손됐고 환불 받고 싶네요ㅋㅋ,2024-04-17
398,P-1029,1,포장이 허술하고 디자인이 사진과 다르고 별점이 아까워요,2024-05-14
399,P-1009,1,가격이 비싼데 별로고 사이즈가 안 맞고 환불 문의에 연락이 두절이고 별점이 아까워요,2024-04-10
400,P-1028,5,가격이 만족스럽고 캠핑 다닐 때 배낭에 넣어도 가벼워 부담 없어요 원룸 자취 공간에 두기 딱 좋은 크기예요 배송이 빠르고 재구매 의사 있어요 사이즈가 딱 맞고!!,2024-05-31
401,P-1008,5,재질이 고급스럽고 색상이 화면과 똑같고 혼자 사는 원룸이라 공간 차지 안 하는 크기가 마음에 들어요 전체적으로 만족스러워요 강아지 털이 안 붙어서 반려동물 키우는 분들께 추천해요 디자인이 세련되고ㅠㅠ,2024-06-09
402,P-1020,2,디자인이 예쁘고 포장이 엉망이고 그냥 무난해요,2024-01-14
403,P-1028,1,사이즈가 헐렁하고 재질이 거칠고 디자인이 별로고 환불 받고 싶네요...,2024-04-08
404,P-1002,1,재질이 거칠고 사이즈가 작고 포장이 엉망이고 환불 받고 싶네요,2024-04-30
405,P-1037,3,포장이 정성스럽고 가격이 아깝고 그냥 무난해요,2024-01-06
406,P-1006,1,디자인이 별로고 가격값을 못 하고 환불 요청에 연락이 안 되고 두 번 다시 안 사요...,2024-03-24
407,P-1017,5,디자인이 고급스럽고 기대 이상이라 좋네요 반려동물 강아지 있는 집인데 털 청소가 간편해 위생적이에요 가격이 합리적이고 재질이 부드럽고 자취 시작하면서 샀는데 좁은 원룸 공간에 잘 맞아요,2024-05-02
408,P-1037,4,포장이 깔끔하고 색상이 사진과 다르고 그냥 무난해요,2024-03-01
409,P-1029,5,포장이 정성스럽고 강력 추천합니다 배송이 신속하고 캠핑 다닐 때 배낭에 넣어도 가벼워 부담 없어요 사이즈가 넉넉하고ㅋㅋ,2024-05-19
410,P-1028,5,포장이 꼼꼼하고 반려동물 키우는 집이라 털 청소가 쉽고 위생적이라 좋아요 색상이 선명하고 재구매 의사 있어요 가볍고 휴대가 편해 차박 갈 때마다 챙겨요 디자인이 예쁘고...,2024-05-11
411,P-1007,5,가격이 합리적이고 강력 추천합니다 반려동물 강아지 있는 집인데 털 청소가 간편해 위생적이에요 디자인이 세련되고 재질이 튼튼하고,2024-06-14
412,P-1035,1,색상이 이상하고 사이즈가 작고 가격이 아깝고 환불 문의에 연락이 두절이고 별점이 아까워요...,2024-04-09
413,P-1008,5,디자인이 예쁘고 가볍고 휴대가 편해 차박 갈 때마다 챙겨요 사이즈가 정사이즈고 가격이 만족스럽고 전체적으로 만족스러워요!!,2024-05-15
414,P-1035,5,디자인이 예쁘고 반려동물 키우는 집이라 털 청소가 쉽고 위생적이라 좋아요 강력 추천합니다 색상이 선명하고 포장이 꼼꼼하고,2024-05-27
415,P-1029,2,디자인이 고급스럽고 색상이 이상하고 그냥 무난해요,2024-05-18
416,P-1003,1,포장이 허술하고 사이즈가 헐렁하고 색상이 사진과 다르고 두 번 다시 안 사요ㅋㅋ,2024-05-15
417,P-1035,1,가격값을 못 하고 사이즈가 헐렁하고 디자인이 별로고 별점이 아까워요ㅋㅋ,2024-02-27
418,P-1004,5,색상이 화면과 똑같고 강아지 털이 안 붙어서 반려동물 키우는 분들께 추천해요 디자인이 고급스럽고 가격이 합리적이고 전체적으로 만족스러워요...,2024-05-05
419,P-1034,5,포장이 깔끔하고 강력 추천합니다 혼자 사는 원룸이라 공간 차지 안 하는 크기가 마음에 들어요 가격이 만족스럽고 배송이 신속하고,2024-03-24
420,P-1029,1,사이즈가 작고 환불 요청에 연락이 안 되고 색상이 사진과 다르고 가격이 비싼데 별로고 완전 실망이에요...,2024-04-20
421,P-1007,5,사이즈가 넉넉하고 강아지 털이 안 붙어서 반려동물 키우는 분들께 추천해요 배송이 하루 만에 오고 색상이 선명하고 강력 추천합니다,2024-04-21
422,P-1025,5,재질이 튼튼하고 강력 추천합니다 차박 야외에서 휴대가 편하고 가벼워 유용해요 가격이 만족스럽고 혼자 사는 원룸이라 공간 차지 안 하는 크기가 마음에 들어요 사이즈가 딱 맞고ㅠㅠ,2024-05-10
423,P-1037,5,가격이 합리적이고 캠핑 다닐 때 배낭에 넣어도 가벼워 부담 없어요 전체적으로 만족스러워요 배송이 신속하고 색상이 화면과 똑같고ㅋㅋ,2024-04-28
424,P-1018,1,가격이 비싼데 별로고 환불 요청에 연락이 안 되고 디자인이 촌스럽고 별점이 아까워요,2024-04-13
425,P-1017,5,색상이 화면과 똑같고 강력 추천합니다 재질이 튼튼하고 배송이 신속하고 강아지 키우는데 털도 잘 안 붙고 청소가 쉬워요ㅋㅋ,2024-04-05
426,P-1010,5,재질이 고급스럽고 디자인이 세련되고 자취방이 좁은데 원룸 공간을 차지하지 않아 만족해요 기대 이상이라 좋네요 배송이 신속하고 반려동물 키우는 집이라 털 청소가 쉽고 위생적이라 좋아요,2024-04-16
427,P-1024,1,디자인이 사진과 다르고 사이즈가 작고 가격이 아깝고 완전 실망이에요,2024-06-23
428,P-1037,5,가성비가 훌륭하고 강아지 털 청소가 쉬워서 반려동물 키우며 입소문 났어요 전체적으로 만족스러워요 포장이 정성스럽고 디자인이 세련되고,2024-04-19
429,P-1014,1,환불 취소 처리가 엉망이고 배송이 하세월이고 재질이 부실하고 완전 실망이에요ㅠㅠ,2024-04-23
430,P-1031,1,배송이 하세월이고 재질이 부실하고 환불 받고 싶네요ㅠㅠ,2024-05-08
431,P-1024,5,포장이 깔끔하고 전체적으로 만족스러워요 재질이 부드럽고 자취방이 좁은데 원룸 공간을 차지하지 않아 만족해요 배송이 신속하고 강아지 털이 안 붙어서 반려동물 키우는 분들께 추천해요ㅋㅋ,2024-05-24
432,P-1028,1,환불 문의에 연락이 두절이고 가격이 아깝고 포장이 엉망이고 두 번 다시 안 사요...,2024-05-20
433,P-1004,1,재질이 부실하고 색상이 칙칙하고 환불 받고 싶네요,2024-05-17
434,P-1007,1,디자인이 별로고 사이즈가 헐렁하고 포장이 부실해서 파손됐고 환불 문의에 연락이 두절이고 완전 실망이에요,2024-03-31
435,P-1021,1,색상이 칙칙하고 디자인이 촌스럽고 두 번 다시 안 사요,2024-06-21
436,P-1025,4,가격이 만족스럽고 색상이 이상하고 그냥 무난해요,2024-02-11
437,P-1002,5,재질이 고급스럽고 기대 이상이라 좋네요 가성비가 훌륭하고 자취방이 좁은데 원룸 공간을 차지하지 않아 만족해요 색상이 선명하고 가볍고 휴대가 편해 차박 갈 때마다 챙겨요...,2024-06-09
438,P-1008,1,색상이 사진과 다르고 배송이 느리고 환불 요청에 연락이 안 되고 포장이 엉망이고 두 번 다시 안 사요!!,2024-03-16
439,P-1007,1,디자인이 별로고 가격이 비싼데 별로고 두 번 다시 안 사요,2024-05-17
440,P-1010,1,사이즈가 작고 재질이 부실하고 디자인이 사진과 다르고 별점이 아까워요ㅋㅋ,2024-04-16
441,P-1008,1,디자인이 별로고 재질이 부실하고 환불 받고 싶네요...,2024-04-19
442,P-1017,5,가격이 만족스럽고 전체적으로 만족스러워요 자취방이 좁은데 원룸 공간을 차지하지 않아 만족해요 강아지 털이 안 붙어서 반려동물 키우는 분들께 추천해요 재질이 고급스럽고 포장이 꼼꼼하고...,2024-05-26
443,P-1016,5,디자인이 예쁘고 전체적으로 만족스러워요 색상이 선명하고 자취방 원룸이 좁아서 걱정했는데 공간을 차지하지 않아요 가격이 만족스럽고,2024-02-16
444,P-1026,1,환불 요청에 연락이 안 되고 재질이 싸구려 같고 포장이 부실해서 파손됐고 완전 실망이에요...,2024-04-05
445,P-1006,1,색상이 사진과 다르고 환불 취소 처리가 엉망이고 사이즈가 헐렁하고 두 번 다시 안 사요,2024-03-26
446,P-1018,1,포장이 허술하고 재질이 싸구려 같고 환불 받고 싶네요,2024-03-26
447,P-1019,1,디자인이 별로고 색상이 칙칙하고 배송이 일주일째 지연되고 별점이 아까워요...,2024-04-28
448,P-1005,2,배송이 하루 만에 오고 사이즈가 안 맞고 그냥 무난해요,2024-04-21
449,P-1031,5,가성비가 훌륭하고 기대 이상이라 좋네요 포장이 깔끔하고 반려동물 키우는 집이라 털 청소가 쉽고 위생적이라 좋아요 사이즈가 정사이즈고,2024-06-22
450,P-1026,1,포장이 엉망이고 사이즈가 안 맞고 디자인이 촌스럽고 환불이 계속 지연되고 별점이 아까워요ㅠㅠ,2024-03-29
451,P-1019,5,포장이 깔끔하고 재구매 의사 있어요 배송이 빠르고 자취 시작하면서 샀는데 좁은 원룸 공간에 잘 맞아요 재질이 튼튼하고,2024-02-06
452,P-1020,1,색상이 사진과 다르고 배송이 일주일째 지연되고 환불 받고 싶네요ㅠㅠ,2024-04-04
453,P-1005,5,가성비가 훌륭하고 강아지 키우는데 털도 잘 안 붙고 청소가 쉬워요 전체적으로 만족스러워요 재질이 튼튼하고 배송이 빠르고 원래 집에서 쓰려고 샀는데 가벼워서 차박 갈 때 챙겨 가요!!,2024-05-03
454,P-1009,1,환불이 계속 지연되고 색상이 사진과 다르고 재질이 부실하고 환불 받고 싶네요ㅠㅠ,2024-05-16
455,P-1009,1,사이즈가 작고 디자인이 별로고 완전 실망이에요,2024-03-26
456,P-1018,3,색상이 화면과 똑같고 포장이 엉망이고 그냥 무난해요,2024-05-08
457,P-1004,1,가격값을 못 하고 재질이 거칠고 환불 취소 처리가 엉망이고 배송이 일주일째 지연되고 두 번 다시 안 사요...,2024-03-06
458,P-1007,5,전체적으로 만족스러워요 강아지 털 청소가 쉬워서 반려동물 키우며 입소문 났어요 색상이 마음에 들고 배송이 빠르고 재질이 고급스럽고,2024-06-08
459,P-1012,1,가격이 비싼데 별로고 디자인이 별로고 환불 요청에 연락이 안 되고 포장이 허술하고 완전 실망이에요ㅠㅠ,2024-04-06
460,P-1038,1,사이즈가 안 맞고 가격이 아깝고 배송이 일주일째 지연되고 완전 실망이에요ㅠㅠ,2024-04-15
461,P-1030,1,디자인이 사진과 다르고 사이즈가 안 맞고 재질이 싸구려 같고 두 번 다시 안 사요ㅠㅠ,2024-01-11
462,P-1035,5,반려동물 강아지 있는 집인데 털 청소가 간편해 위생적이에요 원래 집에서 쓰려고 샀는데 가벼워서 차박 갈 때 챙겨 가요 디자인이 세련되고 배송이 빠르고 포장이 꼼꼼하고 재구매 의사 있어요ㅠㅠ,2024-04-11
463,P-1028,3,가격이 합리적이고 사이즈가 헐렁하고 그냥 무난해요,2024-06-02
464,P-1001,1,디자인이 촌스럽고 재질이 부실하고 사이즈가 헐렁하고 환불이 계속 지연되고 별점이 아까워요,2024-05-14
465,P-1036,1,사이즈가 작고 포장이 허술하고 환불 취소 처리가 엉망이고 환불 받고 싶네요,2024-04-09
466,P-1031,1,재질이 거칠고 사이즈가 작고 환불 받고 싶네요ㅋㅋ,2024-04-25
467,P-1015,1,색상이 이상하고 사이즈가 안 맞고 가격값을 못 하고 별점이 아까워요...,2024-04-16
468,P-1020,3,가격이 만족스럽고 사이즈가 작고 그냥 무난해요,2024-05-27
469,P-1014,5,재구매 의사 있어요 재질이 고급스럽고 자취방 원룸이 좁아서 걱정했는데 공간을 차지하지 않아요 배송이 하루 만에 오고 포장이 꼼꼼하고ㅠㅠ,2024-01-31
470,P-1011,2,포장이 정성스럽고 사이즈가 작고 그냥 무난해요,2024-02-01
471,P-1009,5,원룸 자취 공간에 두기 딱 좋은 크기예요 사이즈가 딱 맞고 강아지 키우는데 털도 잘 안 붙고 청소가 쉬워요 배송이 빠르고 색상이 선명하고 재구매 의사 있어요!!,2024-04-20
472,P-1037,1,포장이 엉망이고 사이즈가 헐렁하고 가격이 비싼데 별로고 환불이 계속 지연되고 환불 받고 싶네요ㅋㅋ,2024-04-20
473,P-1039,5,배송이 하루 만에 오고 재구매 의사 있어요 색상이 마음에 들고 자취 시작하면서 샀는데 좁은 원룸 공간에 잘 맞아요 가격이 만족스럽고 반려동물 강아지 있는 집인데 털 청소가 간편해 위생적이에요!!,2024-04-25
474,P-1014,1,포장이 엉망이고 디자인이 사진과 다르고 환불이 계속 지연되고 두 번 다시 안 사요,2024-03-27
475,P-1006,1,재질이 거칠고 디자인이 사진과 다르고 두 번 다시 안 사요ㅠㅠ,2024-05-13
476,P-1027,5,강아지 키우는데 털도 잘 안 붙고 청소가 쉬워요 재질이 고급스럽고 디자인이 세련되고 전체적으로 만족스러워요 자취 시작하면서 샀는데 좁은 원룸 공간에 잘 맞아요 색상이 화면과 똑같고ㅠㅠ,2024-05-31
477,P-1018,1,디자인이 별로고 배송이 느리고 환불 문의에 연락이 두절이고 완전 실망이에요,2024-04-01
478,P-1015,3,가격이 만족스럽고 사이즈가 안 맞고 그냥 무난해요,2024-05-17
479,P-1009,3,포장이 꼼꼼하고 재질이 부실하고 그냥 무난해요,2024-03-30
480,P-1008,1,가격값을 못 하고 환불이 계속 지연되고 포장이 허술하고 배송이 일주일째 지연되고 환불 받고 싶네요ㅠㅠ,2024-04-14
481,P-1027,1,사이즈가 헐렁하고 포장이 허술하고 두 번 다시 안 사요,2024-01-27
482,P-1007,3,재질이 튼튼하고 가격이 아깝고 그냥 무난해요,2024-04-16
483,P-1038,1,사이즈가 작고 배송이 느리고 재질이 거칠고 환불 문의에 연락이 두절이고 두 번 다시 안 사요ㅠㅠ,2024-03-24
484,P-1026,1,배송이 일주일째 지연되고 환불 요청에 연락이 안 되고 포장이 엉망이고 디자인이 사진과 다르고 별점이 아까워요...,2024-05-08
485,P-1037,5,가볍고 휴대가 편해 차박 갈 때마다 챙겨요 재질이 부드럽고 가격이 합리적이고 색상이 화면과 똑같고 재구매 의사 있어요 원룸 자취 공간에 두기 딱 좋은 크기예요ㅋㅋ,2024-06-10
486,P-1039,3,디자인이 예쁘고 배송이 느리고 그냥 무난해요,2024-03-13
487,P-1016,5,강력 추천합니다 재질이 부드럽고 원래 집에서 쓰려고 샀는데 가벼워서 차박 갈 때 챙겨 가요 포장이 깔끔하고 자취 시작하면서 샀는데 좁은 원룸 공간에 잘 맞아요 배송이 빠르고,2024-04-04
488,P-1008,3,재질이 튼튼하고 배송이 느리고 그냥 무난해요,2024-03-19
489,P-1036,5,재질이 튼튼하고 포장이 깔끔하고 자취방 원룸이 좁아서 걱정했는데 공간을 차지하지 않아요 디자인이 고급스럽고 전체적으로 만족스러워요,2024-03-23
490,P-1015,5,가성비가 훌륭하고 포장이 꼼꼼하고 사이즈가 딱 맞고 기대 이상이라 좋네요 캠핑 다닐 때 배낭에 넣어도 가벼워 부담 없어요ㅋㅋ,2024-06-13
491,P-1035,5,배송이 신속하고 반려동물 키우는 집이라 털 청소가 쉽고 위생적이라 좋아요 포장이 꼼꼼하고 자취방이 좁은데 원룸 공간을 차지하지 않아 만족해요 디자인이 고급스럽고 재구매 의사 있어요ㅠㅠ,2024-06-04
492,P-1013,1,사이즈가 안 맞고 디자인이 촌스럽고 완전 실망이에요,2024-04-01
493,P-1029,1,재질이 부실하고 환불 요청에 연락이 안 되고 가격값을 못 하고 포장이 부실해서 파손됐고 두 번 다시 안 사요,2024-05-24
494,P-1039,2,가격이 합리적이고 디자인이 사진과 다르고 그냥 무난해요,2024-06-23
495,P-1003,5,디자인이 예쁘고 기대 이상이라 좋네요 자취 시작하면서 샀는데 좁은 원룸 공간에 잘 맞아요 색상이 선명하고 캠핑 야외에서 쓰기 좋고 휴대가 편해요 가격이 합리적이고ㅋㅋ,2024-05-12
496,P-1018,1,포장이 엉망이고 배송이 하세월이고 색상이 이상하고 완전 실망이에요ㅋㅋ,2024-05-02
497,P-1013,3,사이즈가 넉넉하고 디자인이 촌스럽고 그냥 무난해요,2024-05-30
498,P-1005,4,포장이 정성스럽고 가격이 아깝고 그냥 무난해요,2024-03-23
499,P-1037,5,강력 추천합니다 가볍고 휴대가 편해 차박 갈 때마다 챙겨요 사이즈가 넉넉하고 디자인이 세련되고 가격이 합리적이고ㅋㅋ,2024-04-07
500,P-1013,1,재질이 부실하고 디자인이 촌스럽고 포장이 허술하고 완전 실망이에요...,2024-02-24
501,P-1029,5,자취방이 좁은데 원룸 공간을 차지하지 않아 만족해요 배송이 하루 만에 오고 전체적으로 만족스러워요 색상이 선명하고 사이즈가 넉넉하고,2024-03-06
502,P-1025,5,원래 집에서 쓰려고 샀는데 가벼워서 차박 갈 때 챙겨 가요 디자인이 예쁘고 사이즈가 넉넉하고 반려동물 강아지 있는 집인데 털 청소가 간편해 위생적이에요 기대 이상이라 좋네요 가격이 합리적이고,2024-05-29
503,P-1021,5,가볍고 휴대가 편해 차박 갈 때마다 챙겨요 재질이 부드럽고 강력 추천합니다 디자인이 고급스럽고 포장이 깔끔하고ㅋㅋ,2024-05-19
504,P-1019,2,배송이 하루 만에 오고 디자인이 사진과 다르고 그냥 무난해요,2024-02-14
505,P-1039,5,배송이 빠르고 강력 추천합니다 디자인이 예쁘고 차박 야외에서 휴대가 편하고 가벼워 유용해요 재질이 부드럽고!!,2024-04-01
506,P-1036,5,배송이 빠르고 차박 야외에서 휴대가 편하고 가벼워 유용해요 기대 이상이라 좋네요 가격이 만족스럽고 자취 시작하면서 샀는데 좁은 원룸 공간에 잘 맞아요 사이즈가 딱 맞고,2024-06-06
507,P-1031,5,포장이 꼼꼼하고 가격이 합리적이고 재구매 의사 있어요 자취방 원룸이 좁아서 걱정했는데 공간을 차지하지 않아요 재질이 튼튼하고,2024-02-01
508,P-1005,1,재질이 부실하고 환불 문의에 연락이 두절이고 포장이 부실해서 파손됐고 가격값을 못 하고 완전 실망이에요!!,2024-04-04
509,P-1034,5,혼자 사는 원룸이라 공간 차지 안 하는 크기가 마음에 들어요 재구매 의사 있어요 색상이 선명하고 디자인이 세련되고 사이즈가 정사이즈고 강아지 털이 안 붙어서 반려동물 키우는 분들께 추천해요ㅋㅋ,2024-06-03
510,P-1023,5,색상이 선명하고 사이즈가 딱 맞고 반려동물 강아지 있는 집인데 털 청소가 간편해 위생적이에요 디자인이 고급스럽고 재구매 의사 있어요...,2024-06-30
511,P-1003,2,배송이 신속하고 가격이 아깝고 그냥 무난해요,2024-05-10
512,P-1003,1,배송이 하세월이고 디자인이 촌스럽고 환불 요청에 연락이 안 되고 두 번 다시 안 사요,2024-04-19
513,P-1018,5,포장이 깔끔하고 강력 추천합니다 혼자 사는 원룸이라 공간 차지 안 하는 크기가 마음에 들어요 디자인이 예쁘고 색상이 화면과 똑같고 반려동물 키우는 집이라 털 청소가 쉽고 위생적이라 좋아요,2024-05-17
514,P-1000,5,가볍고 휴대가 편해 차박 갈 때마다 챙겨요 사이즈가 정사이즈고 재구매 의사 있어요 재질이 부드럽고 디자인이 고급스럽고,2024-06-15
515,P-1024,1,디자인이 촌스럽고 포장이 부실해서 파손됐고 별점이 아까워요ㅠㅠ,2024-03-15
516,P-1010,5,강아지 털이 안 붙어서 반려동물 키우는 분들께 추천해요 재질이 튼튼하고 배송이 빠르고 기대 이상이라 좋네요 디자인이 예쁘고!!,2024-04-21
517,P-1008,3,디자인이 고급스럽고 배송이 하세월이고 그냥 무난해요,2024-05-20
518,P-1030,5,디자인이 세련되고 재질이 고급스럽고 강아지 털 청소가 쉬워서 반려동물 키우며 입소문 났어요 기대 이상이라 좋네요 색상이 화면과 똑같고,2024-05-27
519,P-1020,4,재질이 부드럽고 포장이 허술하고 그냥 무난해요,2024-06-18
520,P-1018,1,사이즈가 헐렁하고 디자인이 별로고 포장이 엉망이고 별점이 아까워요,2024-03-09
521,P-1027,1,색상이 이상하고 환불 요청에 연락이 안 되고 포장이 엉망이고 재질이 거칠고 환불 받고 싶네요ㅠㅠ,2024-04-26
522,P-1013,5,가성비가 훌륭하고 기대 이상이라 좋네요 반려동물 강아지 있는 집인데 털 청소가 간편해 위생적이에요 재질이 부드럽고 배송이 하루 만에 오고 캠핑 차박 같은 야외에서 휴대가 편해 의외로 유용해요...,2024-05-16
523,P-1036,1,가격값을 못 하고 디자인이 별로고 환불 취소 처리가 엉망이고 두 번 다시 안 사요...,2024-04-22
524,P-1014,5,사이즈가 정사이즈고 디자인이 예쁘고 가볍고 휴대가 편해 차박 갈 때마다 챙겨요 배송이 빠르고 전체적으로 만족스러워요ㅠㅠ,2024-05-12
525,P-1007,1,디자인이 별로고 배송이 일주일째 지연되고 별점이 아까워요ㅋㅋ,2024-04-11
526,P-1018,1,가격이 비싼데 별로고 사이즈가 안 맞고 포장이 엉망이고 환불 문의에 연락이 두절이고 환불 받고 싶네요...,2024-04-19
527,P-1039,3,포장이 정성스럽고 색상이 이상하고 그냥 무난해요,2024-01-11
528,P-1008,5,포장이 꼼꼼하고 배송이 신속하고 기대 이상이라 좋네요 사이즈가 넉넉하고 차박 야외에서 휴대가 편하고 가벼워 유용해요 반려동물 강아지 있는 집인데 털 청소가 간편해 위생적이에요,2024-06-15
529,P-1031,1,가격이 비싼데 별로고 색상이 사진과 다르고 환불 요청에 연락이 안 되고 포장이 부실해서 파손됐고 두 번 다시 안 사요,2024-04-25
530,P-1034,5,원래 집에서 쓰려고 샀는데 가벼워서 차박 갈 때 챙겨 가요 강력 추천합니다 재질이 부드럽고 색상이 화면과 똑같고 배송이 하루 만에 오고!!,2024-05-27
531,P-1015,5,강력 추천합니다 사이즈가 넉넉하고 자취방 원룸이 좁아서 걱정했는데 공간을 차지하지 않아요 가격이 만족스럽고 디자인이 고급스럽고,2024-01-30
532,P-1027,5,색상이 마음에 들고 전체적으로 만족스러워요 강아지 털이 안 붙어서 반려동물 키우는 분들께 추천해요 가성비가 훌륭하고 배송이 빠르고 캠핑 차박 같은 야외에서 휴대가 편해 의외로 유용해요ㅋㅋ,2024-03-13
533,P-1007,5,가격이 만족스럽고 강력 추천합니다 디자인이 세련되고 캠핑 차박 같은 야외에서 휴대가 편해 의외로 유용해요 강아지 키우는데 털도 잘 안 붙고 청소가 쉬워요 배송이 신속하고,2024-04-04
534,P-1007,5,캠핑 차박 같은 야외에서 휴대가 편해 의외로 유용해요 전체적으로 만족스러워요 반려동물 강아지 있는 집인데 털 청소가 간편해 위생적이에요 재질이 튼튼하고 사이즈가 넉넉하고 가격이 합리적이고,2024-06-15
535,P-1021,1,사이즈가 안 맞고 색상이 이상하고 가격이 아깝고 별점이 아까워요,2024-03-20
536,P-1001,5,재구매 의사 있어요 배송이 빠르고 반려동물 강아지 있는 집인데 털 청소가 간편해 위생적이에요 원래 집에서 쓰려고 샀는데 가벼워서 차박 갈 때 챙겨 가요 디자인이 세련되고 재질이 고급스럽고,2024-05-11
537,P-1034,5,사이즈가 넉넉하고 가격이 만족스럽고 재구매 의사 있어요 강아지 키우는데 털도 잘 안 붙고 청소가 쉬워요 색상이 마음에 들고ㅋㅋ,2024-05-07
538,P-1004,5,가격이 합리적이고 강아지 키우는데 털도 잘 안 붙고 청소가 쉬워요 전체적으로 만족스러워요 사이즈가 딱 맞고 캠핑 야외에서 쓰기 좋고 휴대가 편해요 디자인이 예쁘고,2024-05-05
539,P-1024,5,디자인이 고급스럽고 반려동물 강아지 있는 집인데 털 청소가 간편해 위생적이에요 재구매 의사 있어요 색상이 화면과 똑같고 재질이 튼튼하고!!,2024-04-04
540,P-1023,4,색상이 마음에 들고 배송이 일주일째 지연되고 그냥 무난해요,2024-05-04
541,P-1004,5,전체적으로 만족스러워요 디자인이 세련되고 가성비가 훌륭하고 색상이 선명하고 원룸 자취 공간에 두기 딱 좋은 크기예요,2024-02-04
542,P-1039,1,사이즈가 안 맞고 재질이 거칠고 환불 문의에 연락이 두절이고 가격이 아깝고 환불 받고 싶네요!!,2024-03-29
543,P-1029,1,환불이 계속 지연되고 포장이 엉망이고 가격이 아깝고 두 번 다시 안 사요...,2024-05-03
544,P-1023,1,재질이 부실하고 가격값을 못 하고 색상이 이상하고 환불 받고 싶네요ㅠㅠ,2024-04-27
545,P-1001,5,재질이 부드럽고 가격이 합리적이고 색상이 화면과 똑같고 강아지 털 청소가 쉬워서 반려동물 키우며 입소문 났어요 기대 이상이라 좋네요,2024-05-15
546,P-1026,1,포장이 엉망이고 배송이 하세월이고 환불이 계속 지연되고 색상이 이상하고 완전 실망이에요...,2024-04-30
547,P-1030,1,배송이 느리고 포장이 부실해서 파손됐고 환불 취소 처리가 엉망이고 두 번 다시 안 사요ㅠㅠ,2024-05-05
548,P-1001,1,재질이 부실하고 배송이 하세월이고 사이즈가 헐렁하고 완전 실망이에요!!,2024-03-20
549,P-1026,1,디자인이 촌스럽고 재질이 부실하고 환불 취소 처리가 엉망이고 색상이 사진과 다르고 완전 실망이에요...,2024-04-20
550,P-1007,3,배송이 신속하고 사이즈가 안 맞고 그냥 무난해요,2024-05-21
551,P-1036,1,포장이 엉망이고 배송이 느리고 환불 받고 싶네요!!,2024-04-03
552,P-1003,5,기대 이상이라 좋네요 디자인이 세련되고 사이즈가 넉넉하고 배송이 신속하고 캠핑 차박 같은 야외에서 휴대가 편해 의외로 유용해요ㅋㅋ,2024-04-06
553,P-1004,1,환불 취소 처리가 엉망이고 색상이 이상하고 사이즈가 작고 두 번 다시 안 사요,2024-03-21
554,P-1011,5,반려동물 키우는 집이라 털 청소가 쉽고 위생적이라 좋아요 가볍고 휴대가 편해 차박 갈 때마다 챙겨요 강력 추천합니다 배송이 빠르고 가격이 만족스럽고 재질이 부드럽고ㅋㅋ,2024-05-02
555,P-1018,5,전체적으로 만족스러워요 재질이 고급스럽고 혼자 사는 원룸이라 공간 차지 안 하는 크기가 마음에 들어요 반려동물 강아지 있는 집인데 털 청소가 간편해 위생적이에요 포장이 정성스럽고 가격이 합리적이고,2024-06-02
556,P-1030,1,재질이 싸구려 같고 디자인이 별로고 배송이 느리고 두 번 다시 안 사요...,2024-03-13
557,P-1033,2,디자인이 고급스럽고 재질이 부실하고 그냥 무난해요,2024-05-30
558,P-1035,1,포장이 부실해서 파손됐고 가격값을 못 하고 완전 실망이에요...,2024-03-10
559,P-1004,5,사이즈가 딱 맞고 배송이 신속하고 자취방이 좁은데 원룸 공간을 차지하지 않아 만족해요 포장이 정성스럽고 기대 이상이라 좋네요 캠핑 다닐 때 배낭에 넣어도 가벼워 부담 없어요ㅋㅋ,2024-05-15
560,P-1007,5,디자인이 고급스럽고 원룸 자취 공간에 두기 딱 좋은 크기예요 가격이 만족스럽고 차박 야외에서 휴대가 편하고 가벼워 유용해요 재질이 고급스럽고 전체적으로 만족스러워요ㅋㅋ,2024-06-04
561,P-1037,5,혼자 사는 원룸이라 공간 차지 안 하는 크기가 마음에 들어요 사이즈가 정사이즈고 포장이 정성스럽고 반려동물 강아지 있는 집인데 털 청소가 간편해 위생적이에요 전체적으로 만족스러워요 색상이 마음에 들고!!,2024-05-06
562,P-1033,1,환불 취소 처리가 엉망이고 재질이 싸구려 같고 사이즈가 헐렁하고 완전 실망이에요,2024-03-27
563,P-1002,1,환불 문의에 연락이 두절이고 가격이 아깝고 포장이 허술하고 완전 실망이에요ㅠㅠ,2024-05-11
564,P-1027,5,재질이 튼튼하고 배송이 빠르고 강아지 키우는데 털도 잘 안 붙고 청소가 쉬워요 가격이 합리적이고 전체적으로 만족스러워요ㅠㅠ,2024-05-29
565,P-1037,5,기대 이상이라 좋네요 색상이 선명하고 캠핑 차박 같은 야외에서 휴대가 편해 의외로 유용해요 배송이 신속하고 포장이 꼼꼼하고 자취 시작하면서 샀는데 좁은 원룸 공간에 잘 맞아요,2024-06-07
566,P-1024,1,환불 취소 처리가 엉망이고 사이즈가 안 맞고 포장이 부실해서 파손됐고 환불 받고 싶네요,2024-03-29
567,P-1037,2,포장이 깔끔하고 배송이 하세월이고 그냥 무난해요,2024-04-30
568,P-1010,5,자취방 원룸이 좁아서 걱정했는데 공간을 차지하지 않아요 가격이 합리적이고 재구매 의사 있어요 디자인이 고급스럽고 원래 집에서 쓰려고 샀는데 가벼워서 차박 갈 때 챙겨 가요 재질이 부드럽고...,2024-04-06
569,P-1004,5,캠핑 차박 같은 야외에서 휴대가 편해 의외로 유용해요 사이즈가 넉넉하고 강아지 털 청소가 쉬워서 반려동물 키우며 입소문 났어요 디자인이 고급스럽고 기대 이상이라 좋네요 색상이 선명하고ㅠㅠ,2024-06-01
570,P-1028,4,디자인이 고급스럽고 포장이 부실해서 파손됐고 그냥 무난해요,2024-03-13
571,P-1002,1,사이즈가 작고 가격값을 못 하고 색상이 이상하고 환불 받고 싶네요...,2024-03-27
572,P-1032,5,포장이 정성스럽고 차박 야외에서 휴대가 편하고 가벼워 유용해요 사이즈가 딱 맞고 재구매 의사 있어요 색상이 화면과 똑같고,2024-05-23
573,P-1021,5,사이즈가 딱 맞고 반려동물 강아지 있는 집인데 털 청소가 간편해 위생적이에요 재구매 의사 있어요 가성비가 훌륭하고 원룸 자취 공간에 두기 딱 좋은 크기예요 포장이 깔끔하고ㅠㅠ,2024-04-18
574,P-1015,1,색상이 사진과 다르고 환불 요청에 연락이 안 되고 디자인이 별로고 포장이 허술하고 별점이 아까워요!!,2024-03-30
575,P-1010,1,포장이 허술하고 배송이 일주일째 지연되고 가격값을 못 하고 환불 문의에 연락이 두절이고 별점이 아까워요,2024-05-05
576,P-1021,5,디자인이 세련되고 포장이 정성스럽고 재질이 튼튼하고 강력 추천합니다 캠핑 야외에서 쓰기 좋고 휴대가 편해요 강아지 털이 안 붙어서 반려동물 키우는 분들께 추천해요,2024-05-03
577,P-1018,1,가격이 아깝고 재질이 거칠고 별점이 아까워요...,2024-06-19
578,P-1028,1,가격이 아깝고 환불 문의에 연락이 두절이고 배송이 하세월이고 포장이 엉망이고 별점이 아까워요,2024-05-30
579,P-1004,5,배송이 신속하고 색상이 마음에 들고 재구매 의사 있어요 사이즈가 정사이즈고 자취 시작하면서 샀는데 좁은 원룸 공간에 잘 맞아요...,2024-03-12
580,P-1035,1,디자인이 촌스럽고 배송이 하세월이고 사이즈가 안 맞고 별점이 아까워요...,2024-04-20
581,P-1007,5,강아지 털 청소가 쉬워서 반려동물 키우며 입소문 났어요 가성비가 훌륭하고 강력 추천합니다 사이즈가 넉넉하고 배송이 신속하고ㅠㅠ,2024-06-24
582,P-1038,1,재질이 거칠고 디자인이 별로고 환불 취소 처리가 엉망이고 가격값을 못 하고 별점이 아까워요ㅋㅋ,2024-04-21
583,P-1030,5,포장이 꼼꼼하고 전체적으로 만족스러워요 색상이 마음에 들고 가성비가 훌륭하고 강아지 털이 안 붙어서 반려동물 키우는 분들께 추천해요ㅠㅠ,2024-06-04
584,P-1022,1,디자인이 사진과 다르고 환불 취소 처리가 엉망이고 배송이 하세월이고 별점이 아까워요,2024-04-02
585,P-1004,5,사이즈가 넉넉하고 강력 추천합니다 자취 시작하면서 샀는데 좁은 원룸 공간에 잘 맞아요 캠핑 차박 같은 야외에서 휴대가 편해 의외로 유용해요 재질이 부드럽고 디자인이 세련되고...,2024-05-19
586,P-1025,5,색상이 선명하고 포장이 정성스럽고 사이즈가 정사이즈고 반려동물 강아지 있는 집인데 털 청소가 간편해 위생적이에요 강력 추천합니다 자취 시작하면서 샀는데 좁은 원룸 공간에 잘 맞아요ㅠㅠ,2024-04-29
587,P-1016,1,사이즈가 헐렁하고 배송이 느리고 완전 실망이에요,2024-02-19
588,P-1024,5,자취방 원룸이 좁아서 걱정했는데 공간을 차지하지 않아요 가성비가 훌륭하고 전체적으로 만족스러워요 강아지 털이 안 붙어서 반려동물 키우는 분들께 추천해요 배송이 빠르고 재질이 부드럽고,2024-06-13
589,P-1015,1,사이즈가 작고 환불 문의에 연락이 두절이고 재질이 부실하고 두 번 다시 안 사요ㅋㅋ,2024-05-02
590,P-1023,5,전체적으로 만족스러워요 배송이 하루 만에 오고 색상이 마음에 들고 강아지 털이 안 붙어서 반려동물 키우는 분들께 추천해요 차박 야외에서 휴대가 편하고 가벼워 유용해요 재질이 고급스럽고ㅋㅋ,2024-05-24
591,P-1016,1,재질이 거칠고 환불 요청에 연락이 안 되고 가격이 아깝고 완전 실망이에요,2024-04-02
592,P-1036,5,디자인이 세련되고 차박 야외에서 휴대가 편하고 가벼워 유용해요 색상이 화면과 똑같고 재질이 튼튼하고 전체적으로 만족스러워요 원룸 자취 공간에 두기 딱 좋은 크기예요!!,2024-06-14
593,P-1036,1,포장이 허술하고 디자인이 사진과 다르고 환불 받고 싶네요ㅋㅋ,2024-04-12
594,P-1010,5,가성비가 훌륭하고 원룸 자취 공간에 두기 딱 좋은 크기예요 디자인이 고급스럽고 전체적으로 만족스러워요 재질이 부드럽고,2024-03-21
595,P-1012,1,환불이 계속 지연되고 포장이 부실해서 파손됐고 재질이 거칠고 두 번 다시 안 사요,2024-04-27
596,P-1013,5,강력 추천합니다 포장이 꼼꼼하고 디자인이 예쁘고 반려동물 키우는 집이라 털 청소가 쉽고 위생적이라 좋아요 가격이 합리적이고...,2024-06-12
597,P-1006,5,강아지 키우는데 털도 잘 안 붙고 청소가 쉬워요 배송이 하루 만에 오고 자취 시작하면서 샀는데 좁은 원룸 공간에 잘 맞아요 포장이 깔끔하고 가격이 만족스럽고 기대 이상이라 좋네요!!,2024-06-12
598,P-1025,1,재질이 거칠고 가격이 비싼데 별로고 배송이 일주일째 지연되고 완전 실망이에요,2024-04-10
599,P-1026,5,사이즈가 정사이즈고 강아지 키우는데 털도 잘 안 붙고 청소가 쉬워요 가성비가 훌륭하고 차박 야외에서 휴대가 편하고 가벼워 유용해요 포장이 꼼꼼하고 강력 추천합니다!!,2024-06-18
600,P-1009,5,자취방이 좁은데 원룸 공간을 차지하지 않아 만족해요 재질이 부드럽고 전체적으로 만족스러워요 가격이 합리적이고 반려동물 키우는 집이라 털 청소가 쉽고 위생적이라 좋아요 배송이 빠르고...,2024-05-08
601,P-1003,1,재질이 싸구려 같고 배송이 하세월이고 색상이 사진과 다르고 완전 실망이에요,2024-03-23
602,P-1006,1,디자인이 사진과 다르고 배송이 일주일째 지연되고 별점이 아까워요...,2024-03-31
603,P-1005,5,자취 시작하면서 샀는데 좁은 원룸 공간에 잘 맞아요 디자인이 세련되고 재질이 고급스럽고 색상이 마음에 들고 강력 추천합니다 강아지 털이 안 붙어서 반려동물 키우는 분들께 추천해요ㅠㅠ,2024-06-15
604,P-1030,4,재질이 고급스럽고 가격이 아깝고 그냥 무난해요,2024-02-16
605,P-1004,5,배송이 신속하고 캠핑 야외에서 쓰기 좋고 휴대가 편해요 전체적으로 만족스러워요 자취방 원룸이 좁아서 걱정했는데 공간을 차지하지 않아요 디자인이 예쁘고 사이즈가 정사이즈고,2024-05-27
606,P-1016,1,색상이 사진과 다르고 재질이 싸구려 같고 완전 실망이에요ㅠㅠ,2024-06-30
607,P-1015,5,자취 시작하면서 샀는데 좁은 원룸 공간에 잘 맞아요 강아지 털이 안 붙어서 반려동물 키우는 분들께 추천해요 색상이 화면과 똑같고 포장이 꼼꼼하고 기대 이상이라 좋네요 재질이 고급스럽고...,2024-06-22
608,P-1025,1,환불 문의에 연락이 두절이고 가격값을 못 하고 사이즈가 안 맞고 디자인이 사진과 다르고 환불 받고 싶네요!!,2024-04-10
609,P-1006,5,차박 야외에서 휴대가 편하고 가벼워 유용해요 가격이 합리적이고 강력 추천합니다 재질이 부드럽고 색상이 화면과 똑같고ㅠㅠ,2024-04-07
610,P-1030,1,디자인이 별로고 색상이 칙칙하고 별점이 아까워요,2024-04-20
611,P-1007,1,환불 요청에 연락이 안 되고 재질이 싸구려 같고 디자인이 촌스럽고 색상이 이상하고 별점이 아까워요!!,2024-04-13
612,P-1006,5,색상이 선명하고 강아지 털이 안 붙어서 반려동물 키우는 분들께 추천해요 재구매 의사 있어요 포장이 꼼꼼하고 자취방이 좁은데 원룸 공간을 차지하지 않아 만족해요 사이즈가 넉넉하고,2024-05-31
613,P-1002,1,배송이 일주일째 지연되고 가격값을 못 하고 사이즈가 안 맞고 환불 문의에 연락이 두절이고 두 번 다시 안 사요,2024-04-30
614,P-1019,5,차박 야외에서 휴대가 편하고 가벼워 유용해요 배송이 빠르고 기대 이상이라 좋네요 디자인이 세련되고 사이즈가 정사이즈고,2024-05-17
615,P-1030,5,색상이 화면과 똑같고 재질이 튼튼하고 재구매 의사 있어요 디자인이 예쁘고 캠핑 차박 같은 야외에서 휴대가 편해 의외로 유용해요,2024-06-13
616,P-1036,1,포장이 허술하고 가격이 아깝고 환불 받고 싶네요!!,2024-04-18
617,P-1002,5,색상이 화면과 똑같고 원룸 자취 공간에 두기 딱 좋은 크기예요 가성비가 훌륭하고 반려동물 강아지 있는 집인데 털 청소가 간편해 위생적이에요 사이즈가 정사이즈고 강력 추천합니다...,2024-05-27
618,P-1026,1,포장이 엉망이고 사이즈가 헐렁하고 색상이 사진과 다르고 완전 실망이에요...,2024-06-18
619,P-1034,4,배송이 하루 만에 오고 포장이 엉망이고 그냥 무난해요,2024-01-11
620,P-1003,1,포장이 부실해서 파손됐고 색상이 이상하고 별점이 아까워요!!,2024-04-08
621,P-1036,5,전체적으로 만족스러워요 캠핑 야외에서 쓰기 좋고 휴대가 편해요 사이즈가 딱 맞고 포장이 꼼꼼하고 배송이 신속하고!!,2024-06-20
622,P-1020,1,가격이 아깝고 사이즈가 헐렁하고 완전 실망이에요,2024-06-04
623,P-1001,2,사이즈가 정사이즈고 포장이 허술하고 그냥 무난해요,2024-01-17
624,P-1019,5,강아지 털이 안 붙어서 반려동물 키우는 분들께 추천해요 배송이 빠르고 디자인이 고급스럽고 강력 추천합니다 포장이 깔끔하고!!,2024-04-13
625,P-1006,5,캠핑 다닐 때 배낭에 넣어도 가벼워 부담 없어요 자취 시작하면서 샀는데 좁은 원룸 공간에 잘 맞아요 가격이 합리적이고 디자인이 예쁘고 재구매 의사 있어요 배송이 신속하고,2024-05-01
626,P-1023,1,사이즈가 안 맞고 배송이 일주일째 지연되고 디자인이 별로고 별점이 아까워요...,2024-05-18
627,P-1027,5,배송이 신속하고 사이즈가 딱 맞고 강력 추천합니다 강아지 털이 안 붙어서 반려동물 키우는 분들께 추천해요 가격이 만족스럽고 혼자 사는 원룸이라 공간 차지 안 하는 크기가 마음에 들어요ㅋㅋ,2024-04-05
628,P-1014,5,자취 시작하면서 샀는데 좁은 원룸 공간에 잘 맞아요 재질이 부드럽고 기대 이상이라 좋네요 디자인이 예쁘고 색상이 화면과 똑같고,2024-02-17
629,P-1007,5,가볍고 휴대가 편해 차박 갈 때마다 챙겨요 색상이 선명하고 배송이 신속하고 재질이 부드럽고 재구매 의사 있어요,2024-06-04
630,P-1028,5,색상이 화면과 똑같고 가격이 만족스럽고 자취방이 좁은데 원룸 공간을 차지하지 않아 만족해요 강력 추천합니다 캠핑 차박 같은 야외에서 휴대가 편해 의외로 유용해요 사이즈가 딱 맞고...,2024-06-25
631,P-1003,1,사이즈가 안 맞고 배송이 일주일째 지연되고 환불 요청에 연락이 안 되고 디자인이 별로고 완전 실망이에요ㅠㅠ,2024-04-24
632,P-1022,1,포장이 허술하고 환불 문의에 연락이 두절이고 색상이 이상하고 재질이 거칠고 두 번 다시 안 사요,2024-04-20
633,P-1018,5,사이즈가 넉넉하고 가성비가 훌륭하고 캠핑 다닐 때 배낭에 넣어도 가벼워 부담 없어요 디자인이 예쁘고 기대 이상이라 좋네요 반려동물 강아지 있는 집인데 털 청소가 간편해 위생적이에요,2024-04-30
634,P-1031,5,전체적으로 만족스러워요 자취방이 좁은데 원룸 공간을 차지하지 않아 만족해요 포장이 꼼꼼하고 색상이 마음에 들고 재질이 고급스럽고,2024-02-23
635,P-1007,1,환불 요청에 연락이 안 되고 재질이 부실하고 디자인이 별로고 별점이 아까워요,2024-05-14
636,P-1013,5,배송이 빠르고 강아지 털이 안 붙어서 반려동물 키우는 분들께 추천해요 전체적으로 만족스러워요 캠핑 다닐 때 배낭에 넣어도 가벼워 부담 없어요 재질이 튼튼하고 색상이 선명하고,2024-06-08
637,P-1014,5,재질이 고급스럽고 전체적으로 만족스러워요 가격이 합리적이고 포장이 꼼꼼하고 자취방이 좁은데 원룸 공간을 차지하지 않아 만족해요 강아지 털이 안 붙어서 반려동물 키우는 분들께 추천해요,2024-06-02
638,P-1038,1,디자인이 사진과 다르고 사이즈가 헐렁하고 두 번 다시 안 사요!!,2024-01-05
639,P-1011,1,재질이 부실하고 색상이 사진과 다르고 환불이 계속 지연되고 별점이 아까워요ㅠㅠ,2024-03-24
640,P-1028,5,재질이 튼튼하고 포장이 꼼꼼하고 재구매 의사 있어요 가볍고 휴대가 편해 차박 갈 때마다 챙겨요 가성비가 훌륭하고,2024-05-06
641,P-1009,1,배송이 하세월이고 가격이 비싼데 별로고 사이즈가 작고 별점이 아까워요,2024-04-29
642,P-1019,5,원래 집에서 쓰려고 샀는데 가벼워서 차박 갈 때 챙겨 가요 재질이 고급스럽고 배송이 하루 만에 오고 기대 이상이라 좋네요 자취 시작하면서 샀는데 좁은 원룸 공간에 잘 맞아요 가성비가 훌륭하고,2024-05-31
643,P-1024,5,반려동물 키우는 집이라 털 청소가 쉽고 위생적이라 좋아요 전체적으로 만족스러워요 포장이 깔끔하고 가성비가 훌륭하고 배송이 신속하고,2024-05-14
644,P-1037,1,포장이 허술하고 환불 취소 처리가 엉망이고 배송이 일주일째 지연되고 가격이 비싼데 별로고 완전 실망이에요,2024-04-23
645,P-1018,1,가격이 아깝고 배송이 일주일째 지연되고 포장이 엉망이고 별점이 아까워요,2024-05-26
646,P-1026,3,배송이 하루 만에 오고 디자인이 촌스럽고 그냥 무난해요,2024-05-14
647,P-1033,5,색상이 화면과 똑같고 배송이 빠르고 전체적으로 만족스러워요 사이즈가 정사이즈고 강아지 키우는데 털도 잘 안 붙고 청소가 쉬워요,2024-06-10
648,P-1004,5,재구매 의사 있어요 디자인이 고급스럽고 가볍고 휴대가 편해 차박 갈 때마다 챙겨요 포장이 깔끔하고 가성비가 훌륭하고,2024-05-30
649,P-1017,1,재질이 부실하고 가격이 아깝고 두 번 다시 안 사요...,2024-05-08
650,P-1022,5,가격이 만족스럽고 포장이 꼼꼼하고 강력 추천합니다 재질이 부드럽고 강아지 키우는데 털도 잘 안 붙고 청소가 쉬워요 혼자 사는 원룸이라 공간 차지 안 하는 크기가 마음에 들어요...,2024-04-18
651,P-1002,5,재질이 부드럽고 혼자 사는 원룸이라 공간 차지 안 하는 크기가 마음에 들어요 사이즈가 딱 맞고 재구매 의사 있어요 디자인이 고급스럽고,2024-02-24
652,P-1013,5,캠핑 야외에서 쓰기 좋고 휴대가 편해요 색상이 마음에 들고 재구매 의사 있어요 배송이 하루 만에 오고 사이즈가 넉넉하고ㅠㅠ,2024-05-09
653,P-1000,5,색상이 화면과 똑같고 재질이 고급스럽고 포장이 정성스럽고 캠핑 차박 같은 야외에서 휴대가 편해 의외로 유용해요 전체적으로 만족스러워요!!,2024-05-09
654,P-1022,1,사이즈가 안 맞고 디자인이 사진과 다르고 배송이 느리고 환불 문의에 연락이 두절이고 환불 받고 싶네요...,2024-03-27
655,P-1013,5,배송이 하루 만에 오고 원래 집에서 쓰려고 샀는데 가벼워서 차박 갈 때 챙겨 가요 포장이 꼼꼼하고 강력 추천합니다 강아지 털 청소가 쉬워서 반려동물 키우며 입소문 났어요 색상이 선명하고,2024-04-17
656,P-1038,5,디자인이 세련되고 강아지 털이 안 붙어서 반려동물 키우는 분들께 추천해요 혼자 사는 원룸이라 공간 차지 안 하는 크기가 마음에 들어요 재구매 의사 있어요 배송이 빠르고 재질이 고급스럽고,2024-05-18
657,P-1027,1,사이즈가 안 맞고 색상이 칙칙하고 재질이 거칠고 환불 요청에 연락이 안 되고 환불 받고 싶네요!!,2024-04-10
658,P-1003,2,사이즈가 넉넉하고 색상이 이상하고 그냥 무난해요,2024-03-26
659,P-1004,5,포장이 꼼꼼하고 색상이 선명하고 전체적으로 만족스러워요 강아지 털이 안 붙어서 반려동물 키우는 분들께 추천해요 가성비가 훌륭하고ㅋㅋ,2024-04-30
660,P-1027,1,환불이 계속 지연되고 가격이 아깝고 색상이 이상하고 포장이 허술하고 별점이 아까워요ㅠㅠ,2024-04-06
661,P-1013,1,사이즈가 안 맞고 재질이 거칠고 환불 문의에 연락이 두절이고 배송이 하세월이고 두 번 다시 안 사요...,2024-04-24
662,P-1022,1,포장이 부실해서 파손됐고 사이즈가 작고 두 번 다시 안 사요ㅋㅋ,2024-03-18
663,P-1022,1,환불 요청에 연락이 안 되고 가격이 비싼데 별로고 사이즈가 헐렁하고 완전 실망이에요,2024-04-15
664,P-1026,1,가격값을 못 하고 환불이 계속 지연되고 포장이 부실해서 파손됐고 환불 받고 싶네요...,2024-05-06
665,P-1039,1,배송이 일주일째 지연되고 포장이 엉망이고 별점이 아까워요,2024-05-20
666,P-1020,5,디자인이 고급스럽고 포장이 정성스럽고 재질이 튼튼하고 강력 추천합니다 강아지 털이 안 붙어서 반려동물 키우는 분들께 추천해요 차박 야외에서 휴대가 편하고 가벼워 유용해요,2024-06-03
667,P-1038,5,사이즈가 딱 맞고 배송이 신속하고 자취 시작하면서 샀는데 좁은 원룸 공간에 잘 맞아요 재구매 의사 있어요 색상이 선명하고,2024-01-26
668,P-1016,5,가성비가 훌륭하고 디자인이 예쁘고 강아지 키우는데 털도 잘 안 붙고 청소가 쉬워요 색상이 선명하고 기대 이상이라 좋네요,2024-03-27
669,P-1027,5,사이즈가 넉넉하고 반려동물 키우는 집이라 털 청소가 쉽고 위생적이라 좋아요 배송이 신속하고 포장이 깔끔하고 자취 시작하면서 샀는데 좁은 원룸 공간에 잘 맞아요 재구매 의사 있어요,2024-05-13
670,P-1018,5,재질이 고급스럽고 반려동물 키우는 집이라 털 청소가 쉽고 위생적이라 좋아요 디자인이 세련되고 전체적으로 만족스러워요 포장이 정성스럽고,2024-06-14
671,P-1008,5,재질이 고급스럽고 배송이 신속하고 색상이 마음에 들고 전체적으로 만족스러워요 반려동물 강아지 있는 집인데 털 청소가 간편해 위생적이에요,2024-06-02
672,P-1013,1,포장이 부실해서 파손됐고 디자인이 촌스럽고 환불이 계속 지연되고 배송이 일주일째 지연되고 환불 받고 싶네요!!,2024-03-19
673,P-1034,3,배송이 신속하고 사이즈가 안 맞고 그냥 무난해요,2024-02-09
674,P-1026,5,사이즈가 넉넉하고 재질이 튼튼하고 기대 이상이라 좋네요 가볍고 휴대가 편해 차박 갈 때마다 챙겨요 가성비가 훌륭하고,2024-05-24
675,P-1011,1,재질이 싸구려 같고 배송이 일주일째 지연되고 포장이 엉망이고 두 번 다시 안 사요ㅠㅠ,2024-04-03
676,P-1034,1,재질이 싸구려 같고 포장이 엉망이고 환불 요청에 연락이 안 되고 배송이 하세월이고 두 번 다시 안 사요ㅠㅠ,2024-03-30
677,P-1003,5,디자인이 예쁘고 가격이 합리적이고 기대 이상이라 좋네요 포장이 정성스럽고 강아지 털 청소가 쉬워서 반려동물 키우며 입소문 났어요,2024-06-21
678,P-1012,1,환불이 계속 지연되고 디자인이 촌스럽고 포장이 허술하고 가격이 아깝고 환불 받고 싶네요ㅋㅋ,2024-04-09
679,P-1016,5,혼자 사는 원룸이라 공간 차지 안 하는 크기가 마음에 들어요 배송이 신속하고 색상이 마음에 들고 재구매 의사 있어요 사이즈가 딱 맞고ㅠㅠ,2024-03-23
680,P-1008,1,포장이 엉망이고 환불이 계속 지연되고 가격값을 못 하고 환불 받고 싶네요!!,2024-05-05
681,P-1020,1,사이즈가 작고 색상이 사진과 다르고 환불 취소 처리가 엉망이고 디자인이 촌스럽고 별점이 아까워요,2024-03-26
682,P-1001,1,디자인이 별로고 포장이 엉망이고 환불 요청에 연락이 안 되고 완전 실망이에요!!,2024-05-02
683,P-1017,5,사이즈가 넉넉하고 색상이 화면과 똑같고 반려동물 키우는 집이라 털 청소가 쉽고 위생적이라 좋아요 재구매 의사 있어요 캠핑 야외에서 쓰기 좋고 휴대가 편해요 가격이 만족스럽고,2024-03-18
684,P-1000,1,배송이 느리고 색상이 이상하고 가격값을 못 하고 완전 실망이에요,2024-06-16
685,P-1017,1,재질이 부실하고 사이즈가 작고 포장이 엉망이고 두 번 다시 안 사요ㅋㅋ,2024-06-23
686,P-1037,5,기대 이상이라 좋네요 자취방 원룸이 좁아서 걱정했는데 공간을 차지하지 않아요 색상이 화면과 똑같고 재질이 튼튼하고 사이즈가 딱 맞고!!,2024-03-27
687,P-1032,4,포장이 정성스럽고 배송이 하세월이고 그냥 무난해요,2024-01-27
688,P-1020,1,재질이 거칠고 색상이 칙칙하고 사이즈가 작고 환불 문의에 연락이 두절이고 환불 받고 싶네요...,2024-03-29
689,P-1003,5,색상이 선명하고 사이즈가 넉넉하고 자취방이 좁은데 원룸 공간을 차지하지 않아 만족해요 배송이 하루 만에 오고 전체적으로 만족스러워요 강아지 키우는데 털도 잘 안 붙고 청소가 쉬워요...,2024-04-22
690,P-1031,2,포장이 깔끔하고 색상이 사진과 다르고 그냥 무난해요,2024-03-29
691,P-1030,5,포장이 정성스럽고 사이즈가 딱 맞고 디자인이 세련되고 반려동물 키우는 집이라 털 청소가 쉽고 위생적이라 좋아요 캠핑 야외에서 쓰기 좋고 휴대가 편해요 전체적으로 만족스러워요!!,2024-04-12
692,P-1018,5,반려동물 강아지 있는 집인데 털 청소가 간편해 위생적이에요 자취방이 좁은데 원룸 공간을 차지하지 않아 만족해요 배송이 신속하고 포장이 꼼꼼하고 강력 추천합니다 가성비가 훌륭하고,2024-06-20
693,P-1028,5,디자인이 예쁘고 자취 시작하면서 샀는데 좁은 원룸 공간에 잘 맞아요 재질이 부드럽고 전체적으로 만족스러워요 가격이 만족스럽고...,2024-03-29
694,P-1034,1,재질이 거칠고 디자인이 촌스럽고 배송이 일주일째 지연되고 환불 문의에 연락이 두절이고 완전 실망이에요ㅋㅋ,2024-05-05
695,P-1025,5,가성비가 훌륭하고 재구매 의사 있어요 색상이 화면과 똑같고 사이즈가 넉넉하고 캠핑 차박 같은 야외에서 휴대가 편해 의외로 유용해요,2024-05-13
696,P-1024,5,사이즈가 넉넉하고 재질이 고급스럽고 재구매 의사 있어요 차박 야외에서 휴대가 편하고 가벼워 유용해요 반려동물 강아지 있는 집인데 털 청소가 간편해 위생적이에요 배송이 빠르고...,2024-05-27
697,P-1023,5,자취 시작하면서 샀는데 좁은 원룸 공간에 잘 맞아요 재질이 고급스럽고 가격이 만족스럽고 색상이 화면과 똑같고 재구매 의사 있어요ㅠㅠ,2024-02-07
698,P-1031,5,원룸 자취 공간에 두기 딱 좋은 크기예요 포장이 깔끔하고 반려동물 키우는 집이라 털 청소가 쉽고 위생적이라 좋아요 기대 이상이라 좋네요 색상이 마음에 들고 사이즈가 딱 맞고,2024-04-28
699,P-1034,1,사이즈가 작고 배송이 하세월이고 환불 받고 싶네요,2024-04-21
700,P-1012,1,환불이 계속 지연되고 디자인이 별로고 포장이 허술하고 배송이 하세월이고 별점이 아까워요...,2024-04-10
701,P-1032,1,디자인이 사진과 다르고 사이즈가 작고 환불 취소 처리가 엉망이고 환불 받고 싶네요ㅠㅠ,2024-03-21
702,P-1029,5,원래 집에서 쓰려고 샀는데 가벼워서 차박 갈 때 챙겨 가요 재질이 부드럽고 가격이 합리적이고 자취 시작하면서 샀는데 좁은 원룸 공간에 잘 맞아요 강력 추천합니다 색상이 마음에 들고,2024-06-15
703,P-1011,5,색상이 마음에 들고 자취 시작하면서 샀는데 좁은 원룸 공간에 잘 맞아요 배송이 빠르고 기대 이상이라 좋네요 가성비가 훌륭하고 원래 집에서 쓰려고 샀는데 가벼워서 차박 갈 때 챙겨 가요,2024-06-09
704,P-1001,1,디자인이 사진과 다르고 가격값을 못 하고 환불 취소 처리가 엉망이고 별점이 아까워요ㅠㅠ,2024-04-21
705,P-1005,5,배송이 빠르고 강아지 털이 안 붙어서 반려동물 키우는 분들께 추천해요 강력 추천합니다 캠핑 다닐 때 배낭에 넣어도 가벼워 부담 없어요 디자인이 고급스럽고 가격이 합리적이고...,2024-05-25
706,P-1006,1,디자인이 별로고 배송이 일주일째 지연되고 환불이 계속 지연되고 별점이 아까워요,2024-04-26
707,P-1025,1,색상이 칙칙하고 환불 취소 처리가 엉망이고 배송이 일주일째 지연되고 재질이 싸구려 같고 두 번 다시 안 사요,2024-04-20
708,P-1027,1,가격값을 못 하고 사이즈가 헐렁하고 완전 실망이에요!!,2024-04-04
709,P-1020,2,재질이 튼튼하고 색상이 칙칙하고 그냥 무난해요,2024-05-18
710,P-1014,1,사이즈가 작고 색상이 칙칙하고 두 번 다시 안 사요!!,2024-02-07
711,P-1034,5,전체적으로 만족스러워요 포장이 깔끔하고 가성비가 훌륭하고 자취방 원룸이 좁아서 걱정했는데 공간을 차지하지 않아요 디자인이 고급스럽고ㅋㅋ,2024-01-28
712,P-1006,5,사이즈가 정사이즈고 포장이 꼼꼼하고 색상이 화면과 똑같고 자취방 원룸이 좁아서 걱정했는데 공간을 차지하지 않아요 전체적으로 만족스러워요,2024-01-27
713,P-1027,1,재질이 거칠고 환불 요청에 연락이 안 되고 배송이 하세월이고 포장이 부실해서 파손됐고 두 번 다시 안 사요...,2024-04-11
714,P-1031,1,포장이 부실해서 파손됐고 사이즈가 헐렁하고 재질이 거칠고 환불 받고 싶네요...,2024-04-11
715,P-1021,1,가격이 비싼데 별로고 디자인이 별로고 완전 실망이에요...,2024-01-08
716,P-1014,4,사이즈가 넉넉하고 포장이 허술하고 그냥 무난해요,2024-02-29
717,P-1035,5,원래 집에서 쓰려고 샀는데 가벼워서 차박 갈 때 챙겨 가요 전체적으로 만족스러워요 재질이 튼튼하고 가격이 만족스럽고 배송이 신속하고,2024-05-29
718,P-1024,5,가성비가 훌륭하고 원래 집에서 쓰려고 샀는데 가벼워서 차박 갈 때 챙겨 가요 색상이 마음에 들고 강력 추천합니다 재질이 부드럽고...,2024-05-26
719,P-1021,1,디자인이 별로고 색상이 사진과 다르고 사이즈가 안 맞고 두 번 다시 안 사요ㅋㅋ,2024-05-19
720,P-1015,5,강아지 털 청소가 쉬워서 반려동물 키우며 입소문 났어요 색상이 화면과 똑같고 가격이 합리적이고 재구매 의사 있어요 배송이 하루 만에 오고 원래 집에서 쓰려고 샀는데 가벼워서 차박 갈 때 챙겨 가요,2024-06-03
721,P-1026,4,재질이 부드럽고 배송이 느리고 그냥 무난해요,2024-04-01
722,P-1019,5,강력 추천합니다 색상이 선명하고 디자인이 세련되고 포장이 정성스럽고 자취 시작하면서 샀는데 좁은 원룸 공간에 잘 맞아요 반려동물 키우는 집이라 털 청소가 쉽고 위생적이라 좋아요,2024-04-22
723,P-1031,3,배송이 하루 만에 오고 사이즈가 헐렁하고 그냥 무난해요,2024-03-01
724,P-1020,1,색상이 칙칙하고 재질이 부실하고 별점이 아까워요,2024-05-17
725,P-1028,5,배송이 하루 만에 오고 사이즈가 딱 맞고 기대 이상이라 좋네요 포장이 정성스럽고 가볍고 휴대가 편해 차박 갈 때마다 챙겨요 원룸 자취 공간에 두기 딱 좋은 크기예요,2024-05-25
726,P-1033,5,색상이 화면과 똑같고 차박 야외에서 휴대가 편하고 가벼워 유용해요 배송이 빠르고 기대 이상이라 좋네요 디자인이 고급스럽고,2024-04-29
727,P-1022,4,재질이 부드럽고 배송이 느리고 그냥 무난해요,2024-04-01
728,P-1031,4,가격이 만족스럽고 재질이 싸구려 같고 그냥 무난해요,2024-06-20
729,P-1038,1,환불이 계속 지연되고 배송이 느리고 가격값을 못 하고 포장이 부실해서 파손됐고 별점이 아까워요,2024-03-29
730,P-1027,5,혼자 사는 원룸이라 공간 차지 안 하는 크기가 마음에 들어요 재질이 고급스럽고 색상이 화면과 똑같고 가격이 만족스럽고 재구매 의사 있어요,2024-01-21
731,P-1007,5,포장이 꼼꼼하고 재구매 의사 있어요 재질이 부드럽고 강아지 털이 안 붙어서 반려동물 키우는 분들께 추천해요 사이즈가 정사이즈고...,2024-06-06
732,P-1002,1,디자인이 촌스럽고 환불 취소 처리가 엉망이고 색상이 이상하고 사이즈가 안 맞고 별점이 아까워요,2024-04-26
733,P-1029,5,강아지 털 청소가 쉬워서 반려동물 키우며 입소문 났어요 배송이 신속하고 사이즈가 정사이즈고 재질이 튼튼하고 재구매 의사 있어요 차박 야외에서 휴대가 편하고 가벼워 유용해요,2024-06-14
734,P-1026,4,가격이 만족스럽고 배송이 일주일째 지연되고 그냥 무난해요,2024-03-09
735,P-1011,5,원룸 자취 공간에 두기 딱 좋은 크기예요 사이즈가 딱 맞고 포장이 꼼꼼하고 전체적으로 만족스러워요 캠핑 야외에서 쓰기 좋고 휴대가 편해요 색상이 화면과 똑같고,2024-03-19
736,P-1036,1,포장이 부실해서 파손됐고 가격이 아깝고 환불 취소 처리가 엉망이고 두 번 다시 안 사요...,2024-03-26
737,P-1010,5,디자인이 고급스럽고 포장이 깔끔하고 자취 시작하면서 샀는데 좁은 원룸 공간에 잘 맞아요 사이즈가 정사이즈고 재구매 의사 있어요!!,2024-03-23
738,P-1025,1,환불 취소 처리가 엉망이고 재질이 거칠고 사이즈가 헐렁하고 완전 실망이에요ㅠㅠ,2024-04-13
739,P-1030,1,환불이 계속 지연되고 배송이 느리고 가격이 아깝고 색상이 사진과 다르고 환불 받고 싶네요ㅋㅋ,2024-04-02
740,P-1038,1,색상이 사진과 다르고 환불 문의에 연락이 두절이고 사이즈가 작고 재질이 거칠고 별점이 아까워요,2024-04-19
741,P-1027,1,배송이 느리고 가격이 비싼데 별로고 환불 요청에 연락이 안 되고 환불 받고 싶네요!!,2024-03-14
742,P-1016,1,가격값을 못 하고 재질이 거칠고 환불 문의에 연락이 두절이고 별점이 아까워요,2024-04-06
743,P-1011,2,색상이 선명하고 재질이 거칠고 그냥 무난해요,2024-01-24
744,P-1004,1,디자인이 사진과 다르고 색상이 사진과 다르고 별점이 아까워요,2024-01-02
745,P-1037,5,자취방이 좁은데 원룸 공간을 차지하지 않아 만족해요 가성비가 훌륭하고 재구매 의사 있어요 차박 야외에서 휴대가 편하고 가벼워 유용해요 사이즈가 넉넉하고 포장이 깔끔하고...,2024-06-02
746,P-1011,1,가격이 비싼데 별로고 재질이 싸구려 같고 환불이 계속 지연되고 환불 받고 싶네요,2024-04-09
747,P-1006,5,반려동물 키우는 집이라 털 청소가 쉽고 위생적이라 좋아요 가격이 만족스럽고 원래 집에서 쓰려고 샀는데 가벼워서 차박 갈 때 챙겨 가요 포장이 정성스럽고 재구매 의사 있어요 사이즈가 정사이즈고ㅠㅠ,2024-06-30
748,P-1006,5,가볍고 휴대가 편해 차박 갈 때마다 챙겨요 포장이 정성스럽고 디자인이 세련되고 가격이 만족스럽고 원룸 자취 공간에 두기 딱 좋은 크기예요 기대 이상이라 좋네요,2024-04-28
749,P-1036,5,기대 이상이라 좋네요 자취방 원룸이 좁아서 걱정했는데 공간을 차지하지 않아요 포장이 꼼꼼하고 재질이 튼튼하고 사이즈가 넉넉하고,2024-02-06
750,P-1023,1,배송이 느리고 가격이 아깝고 완전 실망이에요,2024-01-30
751,P-1009,5,재질이 부드럽고 재구매 의사 있어요 원룸 자취 공간에 두기 딱 좋은 크기예요 가격이 합리적이고 강아지 털이 안 붙어서 반려동물 키우는 분들께 추천해요 배송이 빠르고!!,2024-05-29
752,P-1026,1,가격이 아깝고 포장이 허술하고 두 번 다시 안 사요,2024-06-06
753,P-1032,1,재질이 부실하고 사이즈가 작고 환불 요청에 연락이 안 되고 디자인이 사진과 다르고 완전 실망이에요ㅠㅠ,2024-04-27
754,P-1000,1,포장이 부실해서 파손됐고 환불 문의에 연락이 두절이고 가격이 아깝고 사이즈가 작고 완전 실망이에요!!,2024-05-11
755,P-1016,1,가격이 비싼데 별로고 사이즈가 안 맞고 색상이 사진과 다르고 완전 실망이에요ㅠㅠ,2024-03-02
756,P-1003,1,재질이 부실하고 가격이 아깝고 환불 문의에 연락이 두절이고 완전 실망이에요!!,2024-04-24
757,P-1017,2,배송이 하루 만에 오고 가격값을 못 하고 그냥 무난해요,2024-03-11
758,P-1038,1,디자인이 촌스럽고 배송이 느리고 사이즈가 작고 두 번 다시 안 사요...,2024-03-14
759,P-1002,5,캠핑 야외에서 쓰기 좋고 휴대가 편해요 재질이 고급스럽고 사이즈가 정사이즈고 색상이 선명하고 전체적으로 만족스러워요ㅠㅠ,2024-05-12
760,P-1032,3,사이즈가 딱 맞고 디자인이 촌스럽고 그냥 무난해요,2024-06-16
761,P-1017,4,디자인이 고급스럽고 재질이 부실하고 그냥 무난해요,2024-05-15
762,P-1037,1,사이즈가 작고 재질이 부실하고 디자인이 사진과 다르고 완전 실망이에요,2024-04-20
763,P-1007,1,색상이 이상하고 포장이 부실해서 파손됐고 배송이 일주일째 지연되고 두 번 다시 안 사요!!,2024-04-22
764,P-1009,1,배송이 일주일째 지연되고 가격값을 못 하고 환불 받고 싶네요ㅋㅋ,2024-04-25
765,P-1023,5,사이즈가 넉넉하고 반려동물 키우는 집이라 털 청소가 쉽고 위생적이라 좋아요 포장이 꼼꼼하고 재구매 의사 있어요 색상이 화면과 똑같고 가볍고 휴대가 편해 차박 갈 때마다 챙겨요,2024-04-13
766,P-1023,5,재질이 고급스럽고 혼자 사는 원룸이라 공간 차지 안 하는 크기가 마음에 들어요 디자인이 세련되고 전체적으로 만족스러워요 사이즈가 딱 맞고 차박 야외에서 휴대가 편하고 가벼워 유용해요,2024-04-27
767,P-1025,1,배송이 일주일째 지연되고 색상이 이상하고 환불 문의에 연락이 두절이고 포장이 엉망이고 환불 받고 싶네요,2024-03-26
768,P-1027,1,배송이 일주일째 지연되고 색상이 사진과 다르고 디자인이 사진과 다르고 두 번 다시 안 사요,2024-05-09
769,P-1008,5,재구매 의사 있어요 포장이 꼼꼼하고 혼자 사는 원룸이라 공간 차지 안 하는 크기가 마음에 들어요 색상이 화면과 똑같고 디자인이 고급스럽고!!,2024-01-19
770,P-1026,5,재질이 부드럽고 혼자 사는 원룸이라 공간 차지 안 하는 크기가 마음에 들어요 기대 이상이라 좋네요 디자인이 세련되고 배송이 빠르고,2024-02-10
771,P-1034,5,사이즈가 넉넉하고 차박 야외에서 휴대가 편하고 가벼워 유용해요 재구매 의사 있어요 혼자 사는 원룸이라 공간 차지 안 하는 크기가 마음에 들어요 포장이 깔끔하고 가격이 합리적이고ㅋㅋ,2024-04-27
772,P-1035,5,강력 추천합니다 원룸 자취 공간에 두기 딱 좋은 크기예요 배송이 빠르고 디자인이 예쁘고 강아지 키우는데 털도 잘 안 붙고 청소가 쉬워요 가격이 합리적이고,2024-06-08
773,P-1017,5,전체적으로 만족스러워요 사이즈가 넉넉하고 색상이 선명하고 강아지 털 청소가 쉬워서 반려동물 키우며 입소문 났어요 자취 시작하면서 샀는데 좁은 원룸 공간에 잘 맞아요 가격이 만족스럽고ㅠㅠ,2024-05-17
774,P-1004,5,배송이 신속하고 캠핑 야외에서 쓰기 좋고 휴대가 편해요 전체적으로 만족스러워요 사이즈가 딱 맞고 재질이 고급스럽고 혼자 사는 원룸이라 공간 차지 안 하는 크기가 마음에 들어요,2024-05-05
775,P-1006,5,자취 시작하면서 샀는데 좁은 원룸 공간에 잘 맞아요 기대 이상이라 좋네요 포장이 꼼꼼하고 가격이 만족스럽고 캠핑 야외에서 쓰기 좋고 휴대가 편해요 재질이 튼튼하고,2024-05-20
776,P-1027,5,사이즈가 정사이즈고 강력 추천합니다 반려동물 강아지 있는 집인데 털 청소가 간편해 위생적이에요 가격이 합리적이고 재질이 튼튼하고!!,2024-06-06
777,P-1027,1,배송이 하세월이고 포장이 엉망이고 환불 취소 처리가 엉망이고 환불 받고 싶네요,2024-04-30
778,P-1026,5,배송이 신속하고 재구매 의사 있어요 포장이 깔끔하고 캠핑 야외에서 쓰기 좋고 휴대가 편해요 디자인이 고급스럽고 자취방이 좁은데 원룸 공간을 차지하지 않아 만족해요ㅋㅋ,2024-06-21
779,P-1032,1,재질이 싸구려 같고 환불 문의에 연락이 두절이고 디자인이 별로고 두 번 다시 안 사요,2024-04-30
780,P-1029,5,재구매 의사 있어요 사이즈가 정사이즈고 재질이 부드럽고 디자인이 세련되고 원룸 자취 공간에 두기 딱 좋은 크기예요,2024-01-22
781,P-1034,5,기대 이상이라 좋네요 포장이 정성스럽고 재질이 고급스럽고 색상이 화면과 똑같고 차박 야외에서 휴대가 편하고 가벼워 유용해요!!,2024-05-13
782,P-1002,5,배송이 빠르고 포장이 깔끔하고 강아지 털 청소가 쉬워서 반려동물 키우며 입소문 났어요 원룸 자취 공간에 두기 딱 좋은 크기예요 디자인이 예쁘고 전체적으로 만족스러워요ㅋㅋ,2024-04-15
783,P-1000,5,재구매 의사 있어요 자취방이 좁은데 원룸 공간을 차지하지 않아 만족해요 디자인이 고급스럽고 재질이 튼튼하고 색상이 화면과 똑같고,2024-03-12
784,P-1036,4,디자인이 세련되고 가격이 비싼데 별로고 그냥 무난해요,2024-01-20
785,P-1035,1,포장이 엉망이고 사이즈가 헐렁하고 가격값을 못 하고 완전 실망이에요ㅠㅠ,2024-05-21
786,P-1006,5,강아지 키우는데 털도 잘 안 붙고 청소가 쉬워요 강력 추천합니다 사이즈가 딱 맞고 포장이 정성스럽고 가성비가 훌륭하고,2024-05-15
787,P-1016,3,가격이 합리적이고 색상이 이상하고 그냥 무난해요,2024-03-19
788,P-1014,1,배송이 일주일째 지연되고 가격이 비싼데 별로고 포장이 부실해서 파손됐고 환불 받고 싶네요,2024-04-14
789,P-1013,5,기대 이상이라 좋네요 자취방이 좁은데 원룸 공간을 차지하지 않아 만족해요 디자인이 고급스럽고 재질이 튼튼하고 사이즈가 넉넉하고,2024-01-19
790,P-1027,5,반려동물 강아지 있는 집인데 털 청소가 간편해 위생적이에요 색상이 화면과 똑같고 재구매 의사 있어요 배송이 신속하고 디자인이 예쁘고ㅠㅠ,2024-06-04
791,P-1009,5,자취방 원룸이 좁아서 걱정했는데 공간을 차지하지 않아요 강력 추천합니다 캠핑 야외에서 쓰기 좋고 휴대가 편해요 재질이 튼튼하고 디자인이 세련되고 배송이 신속하고!!,2024-06-08
792,P-1006,5,반려동물 키우는 집이라 털 청소가 쉽고 위생적이라 좋아요 자취 시작하면서 샀는데 좁은 원룸 공간에 잘 맞아요 전체적으로 만족스러워요 색상이 마음에 들고 사이즈가 정사이즈고 포장이 꼼꼼하고,2024-05-10
793,P-1015,1,디자인이 촌스럽고 사이즈가 작고 두 번 다시 안 사요ㅠㅠ,2024-01-02
794,P-1021,1,환불 문의에 연락이 두절이고 포장이 부실해서 파손됐고 재질이 부실하고 가격값을 못 하고 두 번 다시 안 사요,2024-04-10
795,P-1014,1,디자인이 별로고 배송이 일주일째 지연되고 색상이 이상하고 환불 요청에 연락이 안 되고 환불 받고 싶네요,2024-05-08
796,P-1000,1,배송이 일주일째 지연되고 환불 취소 처리가 엉망이고 디자인이 별로고 사이즈가 작고 완전 실망이에요ㅋㅋ,2024-04-13
797,P-1001,4,색상이 선명하고 배송이 일주일째 지연되고 그냥 무난해요,2024-01-11
798,P-1017,5,색상이 선명하고 전체적으로 만족스러워요 배송이 빠르고 강아지 털 청소가 쉬워서 반려동물 키우며 입소문 났어요 사이즈가 딱 맞고ㅋㅋ,2024-04-24
799,P-1014,2,포장이 깔끔하고 디자인이 사진과 다르고 그냥 무난해요,2024-04-02
800,P-1020,1,색상이 사진과 다르고 디자인이 촌스럽고 별점이 아까워요ㅠㅠ,2024-02-06
801,P-1032,5,가성비가 훌륭하고 사이즈가 정사이즈고 반려동물 강아지 있는 집인데 털 청소가 간편해 위생적이에요 자취 시작하면서 샀는데 좁은 원룸 공간에 잘 맞아요 재구매 의사 있어요 색상이 마음에 들고,2024-05-11
802,P-1004,3,재질이 부드럽고 색상이 칙칙하고 그냥 무난해요,2024-03-24
803,P-1010,1,배송이 일주일째 지연되고 사이즈가 헐렁하고 포장이 허술하고 별점이 아까워요ㅋㅋ,2024-04-14
804,P-1004,1,포장이 부실해서 파손됐고 배송이 느리고 두 번 다시 안 사요,2024-02-16
805,P-1021,5,디자인이 세련되고 가볍고 휴대가 편해 차박 갈 때마다 챙겨요 전체적으로 만족스러워요 포장이 꼼꼼하고 가격이 합리적이고...,2024-04-30
806,P-1020,5,포장이 꼼꼼하고 배송이 신속하고 기대 이상이라 좋네요 혼자 사는 원룸이라 공간 차지 안 하는 크기가 마음에 들어요 가성비가 훌륭하고,2024-01-24
807,P-1007,5,가격이 만족스럽고 원룸 자취 공간에 두기 딱 좋은 크기예요 배송이 신속하고 재구매 의사 있어요 포장이 깔끔하고 캠핑 차박 같은 야외에서 휴대가 편해 의외로 유용해요,2024-03-30
808,P-1007,5,강력 추천합니다 자취방 원룸이 좁아서 걱정했는데 공간을 차지하지 않아요 반려동물 키우는 집이라 털 청소가 쉽고 위생적이라 좋아요 사이즈가 넉넉하고 색상이 화면과 똑같고 배송이 빠르고...,2024-04-12
809,P-1004,5,기대 이상이라 좋네요 색상이 선명하고 혼자 사는 원룸이라 공간 차지 안 하는 크기가 마음에 들어요 재질이 고급스럽고 배송이 하루 만에 오고,2024-02-16
810,P-1001,5,재구매 의사 있어요 포장이 꼼꼼하고 캠핑 다닐 때 배낭에 넣어도 가벼워 부담 없어요 사이즈가 넉넉하고 색상이 선명하고,2024-06-08
811,P-1030,1,환불 문의에 연락이 두절이고 재질이 싸구려 같고 포장이 부실해서 파손됐고 사이즈가 작고 두 번 다시 안 사요,2024-05-15
812,P-1018,1,색상이 칙칙하고 디자인이 촌스럽고 환불 요청에 연락이 안 되고 사이즈가 헐렁하고 별점이 아까워요,2024-03-18
813,P-1014,2,재질이 고급스럽고 디자인이 별로고 그냥 무난해요,2024-04-29
814,P-1010,1,디자인이 사진과 다르고 환불 문의에 연락이 두절이고 색상이 칙칙하고 포장이 부실해서 파손됐고 두 번 다시 안 사요ㅋㅋ,2024-04-12
815,P-1031,5,원룸 자취 공간에 두기 딱 좋은 크기예요 가격이 합리적이고 포장이 정성스럽고 원래 집에서 쓰려고 샀는데 가벼워서 차박 갈 때 챙겨 가요 전체적으로 만족스러워요 사이즈가 넉넉하고,2024-03-28
816,P-1022,5,디자인이 예쁘고 혼자 사는 원룸이라 공간 차지 안 하는 크기가 마음에 들어요 사이즈가 정사이즈고 가격이 만족스럽고 전체적으로 만족스러워요!!,2024-03-04
817,P-1010,1,재질이 거칠고 사이즈가 작고 디자인이 촌스럽고 환불 받고 싶네요,2024-05-12
818,P-1020,1,재질이 거칠고 배송이 일주일째 지연되고 사이즈가 안 맞고 두 번 다시 안 사요...,2024-04-19
819,P-1020,5,디자인이 고급스럽고 배송이 신속하고 강력 추천합니다 혼자 사는 원룸이라 공간 차지 안 하는 크기가 마음에 들어요 재질이 튼튼하고ㅠㅠ,2024-02-12
820,P-1014,5,디자인이 세련되고 재질이 부드럽고 배송이 하루 만에 오고 재구매 의사 있어요 차박 야외에서 휴대가 편하고 가벼워 유용해요ㅠㅠ,2024-05-30
821,P-1025,1,재질이 싸구려 같고 사이즈가 안 맞고 환불 취소 처리가 엉망이고 별점이 아까워요!!,2024-05-18
822,P-1025,5,사이즈가 딱 맞고 재질이 고급스럽고 전체적으로 만족스러워요 색상이 화면과 똑같고 반려동물 키우는 집이라 털 청소가 쉽고 위생적이라 좋아요,2024-05-18
823,P-1033,1,재질이 싸구려 같고 환불 취소 처리가 엉망이고 포장이 허술하고 두 번 다시 안 사요,2024-04-18
824,P-1028,1,가격이 비싼데 별로고 색상이 사진과 다르고 재질이 거칠고 환불이 계속 지연되고 두 번 다시 안 사요ㅋㅋ,2024-05-07
825,P-1026,1,사이즈가 작고 환불 요청에 연락이 안 되고 디자인이 사진과 다르고 완전 실망이에요,2024-04-26
826,P-1027,5,디자인이 예쁘고 사이즈가 딱 맞고 자취방이 좁은데 원룸 공간을 차지하지 않아 만족해요 가볍고 휴대가 편해 차박 갈 때마다 챙겨요 포장이 정성스럽고 전체적으로 만족스러워요,2024-04-27
827,P-1002,1,가격이 아깝고 색상이 사진과 다르고 재질이 부실하고 환불 받고 싶네요ㅠㅠ,2024-04-09
828,P-1039,5,재질이 튼튼하고 강력 추천합니다 색상이 마음에 들고 반려동물 강아지 있는 집인데 털 청소가 간편해 위생적이에요 사이즈가 정사이즈고,2024-05-22
829,P-1019,5,배송이 하루 만에 오고 색상이 화면과 똑같고 디자인이 세련되고 강력 추천합니다 강아지 털 청소가 쉬워서 반려동물 키우며 입소문 났어요 자취방이 좁은데 원룸 공간을 차지하지 않아 만족해요,2024-05-01
830,P-1002,1,재질이 부실하고 디자인이 사진과 다르고 두 번 다시 안 사요,2024-04-23
831,P-1033,5,강력 추천합니다 재질이 고급스럽고 가격이 만족스럽고 색상이 마음에 들고 강아지 키우는데 털도 잘 안 붙고 청소가 쉬워요,2024-06-20
832,P-1031,1,색상이 칙칙하고 환불 요청에 연락이 안 되고 가격이 아깝고 디자인이 촌스럽고 완전 실망이에요...,2024-05-28
833,P-1022,5,가성비가 훌륭하고 강력 추천합니다 배송이 신속하고 디자인이 세련되고 원룸 자취 공간에 두기 딱 좋은 크기예요ㅋㅋ,2024-02-05
834,P-1026,1,재질이 거칠고 포장이 엉망이고 별점이 아까워요ㅋㅋ,2024-03-20
835,P-1018,1,배송이 하세월이고 환불 요청에 연락이 안 되고 사이즈가 헐렁하고 완전 실망이에요ㅠㅠ,2024-03-28
836,P-1029,5,전체적으로 만족스러워요 디자인이 예쁘고 자취 시작하면서 샀는데 좁은 원룸 공간에 잘 맞아요 배송이 신속하고 가격이 합리적이고ㅠㅠ,2024-02-09
837,P-1029,1,사이즈가 안 맞고 환불이 계속 지연되고 색상이 이상하고 환불 받고 싶네요,2024-05-02
838,P-1035,5,강아지 털 청소가 쉬워서 반려동물 키우며 입소문 났어요 재구매 의사 있어요 가성비가 훌륭하고 캠핑 야외에서 쓰기 좋고 휴대가 편해요 재질이 고급스럽고 색상이 화면과 똑같고ㅠㅠ,2024-04-13
839,P-1023,1,사이즈가 안 맞고 재질이 거칠고 가격이 아깝고 별점이 아까워요,2024-03-07
840,P-1021,5,원래 집에서 쓰려고 샀는데 가벼워서 차박 갈 때 챙겨 가요 디자인이 세련되고 가성비가 훌륭하고 자취방 원룸이 좁아서 걱정했는데 공간을 차지하지 않아요 기대 이상이라 좋네요 배송이 하루 만에 오고!!,2024-05-16
841,P-1020,5,색상이 선명하고 재질이 부드럽고 자취방이 좁은데 원룸 공간을 차지하지 않아 만족해요 강력 추천합니다 디자인이 고급스럽고!!,2024-02-15
842,P-1024,5,색상이 선명하고 원룸 자취 공간에 두기 딱 좋은 크기예요 차박 야외에서 휴대가 편하고 가벼워 유용해요 기대 이상이라 좋네요 사이즈가 딱 맞고 재질이 고급스럽고,2024-05-16
843,P-1012,1,환불이 계속 지연되고 포장이 엉망이고 색상이 칙칙하고 완전 실망이에요ㅠㅠ,2024-04-10
844,P-1023,1,배송이 느리고 포장이 부실해서 파손됐고 가격이 비싼데 별로고 환불 받고 싶네요ㅠㅠ,2024-04-11
845,P-1002,4,재질이 튼튼하고 배송이 느리고 그냥 무난해요,2024-01-26
846,P-1007,5,강력 추천합니다 원래 집에서 쓰려고 샀는데 가벼워서 차박 갈 때 챙겨 가요 가격이 합리적이고 강아지 털이 안 붙어서 반려동물 키우는 분들께 추천해요 재질이 튼튼하고 사이즈가 넉넉하고ㅋㅋ,2024-04-16
847,P-1033,1,배송이 느리고 가격이 비싼데 별로고 재질이 부실하고 두 번 다시 안 사요ㅠㅠ,2024-05-10
848,P-1007,1,포장이 엉망이고 배송이 느리고 두 번 다시 안 사요,2024-02-11
849,P-1015,1,배송이 느리고 디자인이 사진과 다르고 두 번 다시 안 사요!!,2024-05-12
850,P-1026,5,캠핑 다닐 때 배낭에 넣어도 가벼워 부담 없어요 가격이 합리적이고 재질이 튼튼하고 포장이 꼼꼼하고 기대 이상이라 좋네요...,2024-05-30
851,P-1008,5,원룸 자취 공간에 두기 딱 좋은 크기예요 디자인이 고급스럽고 사이즈가 넉넉하고 기대 이상이라 좋네요 색상이 선명하고,2024-02-25
852,P-1032,5,캠핑 야외에서 쓰기 좋고 휴대가 편해요 재질이 부드럽고 재구매 의사 있어요 배송이 신속하고 포장이 꼼꼼하고,2024-06-12
853,P-1006,1,가격이 아깝고 색상이 칙칙하고 별점이 아까워요,2024-04-23
854,P-1035,5,포장이 정성스럽고 색상이 화면과 똑같고 전체적으로 만족스러워요 디자인이 예쁘고 강아지 털이 안 붙어서 반려동물 키우는 분들께 추천해요,2024-05-16
855,P-1023,1,색상이 칙칙하고 디자인이 촌스럽고 사이즈가 작고 별점이 아까워요!!,2024-01-27
856,P-1023,5,배송이 하루 만에 오고 가성비가 훌륭하고 기대 이상이라 좋네요 캠핑 야외에서 쓰기 좋고 휴대가 편해요 사이즈가 딱 맞고,2024-05-19
857,P-1020,1,배송이 일주일째 지연되고 재질이 부실하고 별점이 아까워요...,2024-05-19
858,P-1031,1,디자인이 촌스럽고 재질이 싸구려 같고 환불 받고 싶네요!!,2024-04-15
859,P-1005,1,포장이 부실해서 파손됐고 재질이 싸구려 같고 사이즈가 헐렁하고 별점이 아까워요...,2024-02-07
860,P-1023,1,재질이 싸구려 같고 환불 취소 처리가 엉망이고 포장이 부실해서 파손됐고 별점이 아까워요ㅠㅠ,2024-04-16
861,P-1007,1,환불 취소 처리가 엉망이고 색상이 이상하고 재질이 부실하고 환불 받고 싶네요,2024-04-26
862,P-1000,1,색상이 이상하고 재질이 거칠고 배송이 일주일째 지연되고 두 번 다시 안 사요ㅋㅋ,2024-04-11
863,P-1030,5,혼자 사는 원룸이라 공간 차지 안 하는 크기가 마음에 들어요 기대 이상이라 좋네요 가격이 만족스럽고 사이즈가 정사이즈고 캠핑 차박 같은 야외에서 휴대가 편해 의외로 유용해요 배송이 빠르고...,2024-03-12
864,P-1027,5,강아지 털이 안 붙어서 반려동물 키우는 분들께 추천해요 혼자 사는 원룸이라 공간 차지 안 하는 크기가 마음에 들어요 강력 추천합니다 색상이 마음에 들고 사이즈가 정사이즈고 포장이 꼼꼼하고,2024-05-18
865,P-1005,4,배송이 신속하고 가격값을 못 하고 그냥 무난해요,2024-02-03
866,P-1027,1,배송이 느리고 재질이 싸구려 같고 가격값을 못 하고 완전 실망이에요ㅠㅠ,2024-05-05
867,P-1025,1,배송이 하세월이고 사이즈가 헐렁하고 포장이 부실해서 파손됐고 환불 받고 싶네요...,2024-03-28
868,P-1032,1,디자인이 사진과 다르고 가격이 아깝고 환불이 계속 지연되고 배송이 하세월이고 완전 실망이에요!!,2024-04-21
869,P-1034,5,색상이 선명하고 기대 이상이라 좋네요 가성비가 훌륭하고 강아지 털이 안 붙어서 반려동물 키우는 분들께 추천해요 재질이 튼튼하고ㅋㅋ,2024-05-02
870,P-1002,1,디자인이 사진과 다르고 포장이 엉망이고 환불 문의에 연락이 두절이고 배송이 느리고 두 번 다시 안 사요ㅠㅠ,2024-04-02
871,P-1002,1,환불 취소 처리가 엉망이고 가격이 비싼데 별로고 디자인이 촌스럽고 포장이 부실해서 파손됐고 완전 실망이에요ㅠㅠ,2024-05-07
872,P-1015,1,색상이 사진과 다르고 포장이 엉망이고 완전 실망이에요,2024-05-16
873,P-1021,5,캠핑 다닐 때 배낭에 넣어도 가벼워 부담 없어요 재질이 고급스럽고 가격이 합리적이고 포장이 깔끔하고 전체적으로 만족스러워요 강아지 털 청소가 쉬워서 반려동물 키우며 입소문 났어요!!,2024-05-05
874,P-1003,5,재질이 튼튼하고 전체적으로 만족스러워요 반려동물 키우는 집이라 털 청소가 쉽고 위생적이라 좋아요 차박 야외에서 휴대가 편하고 가벼워 유용해요 디자인이 예쁘고 가격이 합리적이고...,2024-06-01
875,P-1024,4,사이즈가 넉넉하고 가격이 비싼데 별로고 그냥 무난해요,2024-04-22
876,P-1001,1,사이즈가 헐렁하고 환불 문의에 연락이 두절이고 포장이 엉망이고 가격이 비싼데 별로고 완전 실망이에요,2024-04-28
877,P-1009,5,포장이 꼼꼼하고 자취방 원룸이 좁아서 걱정했는데 공간을 차지하지 않아요 차박 야외에서 휴대가 편하고 가벼워 유용해요 가격이 합리적이고 사이즈가 넉넉하고 강력 추천합니다!!,2024-03-25
878,P-1019,1,가격이 아깝고 디자인이 별로고 환불 받고 싶네요ㅋㅋ,2024-03-17
879,P-1034,5,색상이 선명하고 배송이 신속하고 재질이 고급스럽고 기대 이상이라 좋네요 자취 시작하면서 샀는데 좁은 원룸 공간에 잘 맞아요!!,2024-03-20
880,P-1005,5,가볍고 휴대가 편해 차박 갈 때마다 챙겨요 가성비가 훌륭하고 색상이 선명하고 강력 추천합니다 배송이 하루 만에 오고,2024-06-12
881,P-1015,1,사이즈가 안 맞고 디자인이 사진과 다르고 가격값을 못 하고 환불 취소 처리가 엉망이고 별점이 아까워요,2024-05-15
882,P-1038,3,사이즈가 정사이즈고 색상이 칙칙하고 그냥 무난해요,2024-02-06
883,P-1032,5,가격이 합리적이고 재질이 부드럽고 강력 추천합니다 원룸 자취 공간에 두기 딱 좋은 크기예요 색상이 선명하고 강아지 키우는데 털도 잘 안 붙고 청소가 쉬워요,2024-06-19
884,P-1011,5,포장이 깔끔하고 기대 이상이라 좋네요 사이즈가 넉넉하고 디자인이 고급스럽고 원래 집에서 쓰려고 샀는데 가벼워서 차박 갈 때 챙겨 가요 강아지 털이 안 붙어서 반려동물 키우는 분들께 추천해요,2024-06-12
885,P-1011,5,전체적으로 만족스러워요 사이즈가 딱 맞고 색상이 화면과 똑같고 캠핑 다닐 때 배낭에 넣어도 가벼워 부담 없어요 재질이 부드럽고,2024-05-29
886,P-1005,1,환불 요청에 연락이 안 되고 배송이 일주일째 지연되고 재질이 부실하고 포장이 허술하고 환불 받고 싶네요...,2024-04-21
887,P-1001,1,배송이 느리고 재질이 부실하고 디자인이 별로고 환불이 계속 지연되고 별점이 아까워요ㅋㅋ,2024-04-10
888,P-1008,4,가성비가 훌륭하고 재질이 거칠고 그냥 무난해요,2024-05-08
889,P-1038,5,사이즈가 딱 맞고 색상이 마음에 들고 차박 야외에서 휴대가 편하고 가벼워 유용해요 강아지 키우는데 털도 잘 안 붙고 청소가 쉬워요 가성비가 훌륭하고 강력 추천합니다,2024-05-05
890,P-1033,5,사이즈가 넉넉하고 배송이 빠르고 포장이 꼼꼼하고 강력 추천합니다 강아지 키우는데 털도 잘 안 붙고 청소가 쉬워요 자취방이 좁은데 원룸 공간을 차지하지 않아 만족해요,2024-05-28
891,P-1020,5,색상이 화면과 똑같고 기대 이상이라 좋네요 배송이 하루 만에 오고 혼자 사는 원룸이라 공간 차지 안 하는 크기가 마음에 들어요 재질이 부드럽고 차박 야외에서 휴대가 편하고 가벼워 유용해요!!,2024-04-15
892,P-1031,1,포장이 엉망이고 사이즈가 작고 두 번 다시 안 사요,2024-04-05
893,P-1015,3,재질이 부드럽고 사이즈가 작고 그냥 무난해요,2024-03-15
894,P-1012,1,환불이 계속 지연되고 사이즈가 작고 배송이 하세월이고 재질이 거칠고 두 번 다시 안 사요...,2024-04-18
895,P-1011,3,색상이 선명하고 배송이 느리고 그냥 무난해요,2024-05-01
896,P-1010,5,포장이 정성스럽고 강력 추천합니다 사이즈가 정사이즈고 자취방이 좁은데 원룸 공간을 차지하지 않아 만족해요 색상이 화면과 똑같고 가볍고 휴대가 편해 차박 갈 때마다 챙겨요,2024-06-04
897,P-1019,5,배송이 신속하고 자취방이 좁은데 원룸 공간을 차지하지 않아 만족해요 전체적으로 만족스러워요 강아지 털이 안 붙어서 반려동물 키우는 분들께 추천해요 재질이 고급스럽고 디자인이 세련되고,2024-06-22
898,P-1035,2,재질이 튼튼하고 디자인이 사진과 다르고 그냥 무난해요,2024-06-20
899,P-1008,5,디자인이 고급스럽고 포장이 꼼꼼하고 재구매 의사 있어요 자취방이 좁은데 원룸 공간을 차지하지 않아 만족해요 사이즈가 넉넉하고!!,2024-01-15
900,P-1033,1,색상이 이상하고 포장이 부실해서 파손됐고 디자인이 사진과 다르고 완전 실망이에요ㅠㅠ,2024-01-25
901,P-1014,1,포장이 허술하고 환불이 계속 지연되고 재질이 부실하고 사이즈가 안 맞고 환불 받고 싶네요...,2024-04-11
902,P-1028,1,가격값을 못 하고 디자인이 별로고 별점이 아까워요!!,2024-01-29
903,P-1028,5,재질이 튼튼하고 전체적으로 만족스러워요 색상이 선명하고 가볍고 휴대가 편해 차박 갈 때마다 챙겨요 반려동물 키우는 집이라 털 청소가 쉽고 위생적이라 좋아요 포장이 깔끔하고...,2024-06-02
904,P-1012,1,사이즈가 안 맞고 포장이 허술하고 색상이 사진과 다르고 환불 문의에 연락이 두절이고 두 번 다시 안 사요,2024-04-11
905,P-1003,5,혼자 사는 원룸이라 공간 차지 안 하는 크기가 마음에 들어요 재질이 튼튼하고 색상이 화면과 똑같고 강아지 털이 안 붙어서 반려동물 키우는 분들께 추천해요 전체적으로 만족스러워요 디자인이 세련되고ㅋㅋ,2024-05-28
906,P-1027,5,재질이 부드럽고 사이즈가 넉넉하고 전체적으로 만족스러워요 반려동물 키우는 집이라 털 청소가 쉽고 위생적이라 좋아요 가성비가 훌륭하고 혼자 사는 원룸이라 공간 차지 안 하는 크기가 마음에 들어요,2024-05-20
907,P-1009,5,색상이 마음에 들고 혼자 사는 원룸이라 공간 차지 안 하는 크기가 마음에 들어요 포장이 깔끔하고 전체적으로 만족스러워요 원래 집에서 쓰려고 샀는데 가벼워서 차박 갈 때 챙겨 가요 재질이 부드럽고,2024-06-22
908,P-1007,1,배송이 하세월이고 디자인이 사진과 다르고 가격값을 못 하고 완전 실망이에요ㅋㅋ,2024-04-17
909,P-1008,1,색상이 이상하고 사이즈가 헐렁하고 환불 취소 처리가 엉망이고 두 번 다시 안 사요,2024-05-22
910,P-1032,5,재구매 의사 있어요 재질이 부드럽고 혼자 사는 원룸이라 공간 차지 안 하는 크기가 마음에 들어요 색상이 마음에 들고 디자인이 세련되고...,2024-01-16
911,P-1006,1,환불 취소 처리가 엉망이고 디자인이 별로고 배송이 일주일째 지연되고 두 번 다시 안 사요,2024-04-20
912,P-1000,5,디자인이 고급스럽고 재구매 의사 있어요 재질이 튼튼하고 캠핑 야외에서 쓰기 좋고 휴대가 편해요 포장이 꼼꼼하고 강아지 털이 안 붙어서 반려동물 키우는 분들께 추천해요!!,2024-05-07
913,P-1005,5,강력 추천합니다 색상이 선명하고 강아지 키우는데 털도 잘 안 붙고 청소가 쉬워요 가격이 합리적이고 포장이 깔끔하고,2024-04-21
914,P-1011,1,재질이 싸구려 같고 디자인이 별로고 포장이 엉망이고 별점이 아까워요,2024-06-18
915,P-1008,5,캠핑 야외에서 쓰기 좋고 휴대가 편해요 포장이 정성스럽고 가성비가 훌륭하고 강아지 털이 안 붙어서 반려동물 키우는 분들께 추천해요 재질이 튼튼하고 강력 추천합니다ㅋㅋ,2024-06-19
916,P-1029,1,사이즈가 헐렁하고 포장이 엉망이고 배송이 일주일째 지연되고 환불 받고 싶네요ㅠㅠ,2024-04-07
917,P-1028,1,사이즈가 작고 배송이 하세월이고 환불이 계속 지연되고 재질이 부실하고 별점이 아까워요,2024-05-13
918,P-1024,1,디자인이 사진과 다르고 색상이 칙칙하고 두 번 다시 안 사요ㅠㅠ,2024-03-10
919,P-1004,5,사이즈가 딱 맞고 디자인이 세련되고 배송이 하루 만에 오고 전체적으로 만족스러워요 자취 시작하면서 샀는데 좁은 원룸 공간에 잘 맞아요ㅋㅋ,2024-02-16
920,P-1032,2,포장이 꼼꼼하고 색상이 이상하고 그냥 무난해요,2024-06-06
921,P-1038,5,강력 추천합니다 색상이 마음에 들고 포장이 깔끔하고 혼자 사는 원룸이라 공간 차지 안 하는 크기가 마음에 들어요 사이즈가 정사이즈고,2024-04-10
922,P-1020,1,배송이 하세월이고 사이즈가 작고 가격이 아깝고 환불 취소 처리가 엉망이고 두 번 다시 안 사요,2024-04-30
923,P-1024,1,색상이 사진과 다르고 디자인이 사진과 다르고 환불 문의에 연락이 두절이고 두 번 다시 안 사요,2024-04-19
924,P-1032,1,배송이 느리고 환불이 계속 지연되고 포장이 엉망이고 두 번 다시 안 사요...,2024-05-06
925,P-1027,1,재질이 거칠고 환불 요청에 연락이 안 되고 가격이 비싼데 별로고 환불 받고 싶네요,2024-04-16
926,P-1009,4,배송이 하루 만에 오고 포장이 엉망이고 그냥 무난해요,2024-01-09
927,P-1019,1,재질이 싸구려 같고 색상이 이상하고 디자인이 사진과 다르고 두 번 다시 안 사요ㅋㅋ,2024-05-08
928,P-1013,5,사이즈가 정사이즈고 재질이 부드럽고 가볍고 휴대가 편해 차박 갈 때마다 챙겨요 강력 추천합니다 자취방 원룸이 좁아서 걱정했는데 공간을 차지하지 않아요 색상이 화면과 똑같고,2024-05-16
929,P-1030,5,디자인이 예쁘고 사이즈가 넉넉하고 재질이 부드럽고 전체적으로 만족스러워요 자취방 원룸이 좁아서 걱정했는데 공간을 차지하지 않아요,2024-02-07
930,P-1037,1,색상이 이상하고 환불 문의에 연락이 두절이고 배송이 하세월이고 두 번 다시 안 사요!!,2024-04-28
931,P-1008,5,반려동물 키우는 집이라 털 청소가 쉽고 위생적이라 좋아요 재질이 부드럽고 포장이 꼼꼼하고 기대 이상이라 좋네요 사이즈가 넉넉하고ㅠㅠ,2024-06-08
932,P-1006,1,환불 요청에 연락이 안 되고 디자인이 별로고 색상이 이상하고 환불 받고 싶네요,2024-03-22
933,P-1015,5,디자인이 예쁘고 사이즈가 정사이즈고 전체적으로 만족스러워요 혼자 사는 원룸이라 공간 차지 안 하는 크기가 마음에 들어요 포장이 꼼꼼하고,2024-01-14
934,P-1010,5,배송이 하루 만에 오고 강아지 털이 안 붙어서 반려동물 키우는 분들께 추천해요 재질이 고급스럽고 포장이 꼼꼼하고 강력 추천합니다,2024-06-21
935,P-1002,2,재질이 고급스럽고 디자인이 사진과 다르고 그냥 무난해요,2024-01-05
936,P-1032,5,재질이 튼튼하고 색상이 마음에 들고 기대 이상이라 좋네요 원룸 자취 공간에 두기 딱 좋은 크기예요 디자인이 고급스럽고,2024-01-11
937,P-1035,1,사이즈가 작고 재질이 부실하고 가격이 아깝고 완전 실망이에요,2024-02-08
938,P-1006,1,포장이 허술하고 환불 요청에 연락이 안 되고 재질이 부실하고 사이즈가 작고 환불 받고 싶네요ㅋㅋ,2024-04-08
939,P-1033,1,재질이 부실하고 환불 문의에 연락이 두절이고 색상이 칙칙하고 두 번 다시 안 사요,2024-04-24
940,P-1005,5,원룸 자취 공간에 두기 딱 좋은 크기예요 캠핑 차박 같은 야외에서 휴대가 편해 의외로 유용해요 기대 이상이라 좋네요 가성비가 훌륭하고 색상이 선명하고 포장이 깔끔하고,2024-06-05
941,P-1020,4,배송이 빠르고 재질이 싸구려 같고 그냥 무난해요,2024-03-08
942,P-1024,1,포장이 엉망이고 색상이 이상하고 재질이 거칠고 두 번 다시 안 사요!!,2024-06-02
943,P-1022,1,가격값을 못 하고 재질이 부실하고 사이즈가 작고 환불 받고 싶네요ㅋㅋ,2024-04-13
944,P-1021,1,환불 요청에 연락이 안 되고 배송이 느리고 디자인이 촌스럽고 가격이 아깝고 완전 실망이에요ㅋㅋ,2024-04-10
945,P-1032,1,배송이 하세월이고 디자인이 촌스럽고 별점이 아까워요!!,2024-04-26
946,P-1018,4,색상이 마음에 들고 포장이 허술하고 그냥 무난해요,2024-02-07
947,P-1028,1,디자인이 촌스럽고 가격이 비싼데 별로고 색상이 사진과 다르고 환불 받고 싶네요...,2024-04-04
948,P-1021,5,재구매 의사 있어요 자취방 원룸이 좁아서 걱정했는데 공간을 차지하지 않아요 가성비가 훌륭하고 재질이 부드럽고 배송이 빠르고 강아지 털이 안 붙어서 반려동물 키우는 분들께 추천해요ㅠㅠ,2024-06-17
949,P-1001,1,환불이 계속 지연되고 가격값을 못 하고 사이즈가 작고 재질이 거칠고 별점이 아까워요ㅋㅋ,2024-05-01
950,P-1034,1,디자인이 촌스럽고 포장이 부실해서 파손됐고 재질이 싸구려 같고 환불 취소 처리가 엉망이고 두 번 다시 안 사요,2024-05-06
951,P-1005,5,가격이 합리적이고 재구매 의사 있어요 디자인이 고급스럽고 배송이 하루 만에 오고 원래 집에서 쓰려고 샀는데 가벼워서 차박 갈 때 챙겨 가요,2024-03-12
952,P-1024,5,사이즈가 넉넉하고 가볍고 휴대가 편해 차박 갈 때마다 챙겨요 디자인이 세련되고 강력 추천합니다 혼자 사는 원룸이라 공간 차지 안 하는 크기가 마음에 들어요 가성비가 훌륭하고ㅋㅋ,2024-06-10
953,P-1016,1,환불 취소 처리가 엉망이고 가격이 비싼데 별로고 배송이 느리고 완전 실망이에요...,2024-04-02
954,P-1022,2,색상이 화면과 똑같고 사이즈가 헐렁하고 그냥 무난해요,2024-03-05
955,P-1036,5,색상이 마음에 들고 배송이 빠르고 가성비가 훌륭하고 강력 추천합니다 가볍고 휴대가 편해 차박 갈 때마다 챙겨요...,2024-05-21
956,P-1030,1,재질이 싸구려 같고 색상이 사진과 다르고 환불 받고 싶네요...,2024-05-05
957,P-1008,1,사이즈가 안 맞고 가격값을 못 하고 별점이 아까워요ㅋㅋ,2024-01-20
958,P-1018,3,사이즈가 딱 맞고 배송이 하세월이고 그냥 무난해요,2024-01-07
959,P-1024,1,사이즈가 헐렁하고 재질이 부실하고 환불이 계속 지연되고 별점이 아까워요!!,2024-04-12
960,P-1028,1,배송이 느리고 환불이 계속 지연되고 사이즈가 헐렁하고 포장이 허술하고 환불 받고 싶네요...,2024-03-22
961,P-1004,5,원래 집에서 쓰려고 샀는데 가벼워서 차박 갈 때 챙겨 가요 디자인이 고급스럽고 포장이 정성스럽고 재질이 고급스럽고 전체적으로 만족스러워요 강아지 키우는데 털도 잘 안 붙고 청소가 쉬워요ㅋㅋ,2024-06-02
962,P-1030,1,디자인이 촌스럽고 가격이 비싼데 별로고 포장이 허술하고 환불 요청에 연락이 안 되고 환불 받고 싶네요,2024-05-18
963,P-1018,5,포장이 꼼꼼하고 재질이 튼튼하고 기대 이상이라 좋네요 캠핑 야외에서 쓰기 좋고 휴대가 편해요 강아지 키우는데 털도 잘 안 붙고 청소가 쉬워요 디자인이 예쁘고,2024-06-16
964,P-1034,1,색상이 사진과 다르고 포장이 부실해서 파손됐고 사이즈가 작고 완전 실망이에요,2024-05-03
965,P-1000,5,가성비가 훌륭하고 반려동물 키우는 집이라 털 청소가 쉽고 위생적이라 좋아요 디자인이 세련되고 기대 이상이라 좋네요 포장이 꼼꼼하고ㅠㅠ,2024-04-20
966,P-1027,5,재질이 튼튼하고 강력 추천합니다 자취방이 좁은데 원룸 공간을 차지하지 않아 만족해요 가격이 합리적이고 사이즈가 딱 맞고 반려동물 키우는 집이라 털 청소가 쉽고 위생적이라 좋아요ㅋㅋ,2024-04-27
967,P-1024,5,강력 추천합니다 원래 집에서 쓰려고 샀는데 가벼워서 차박 갈 때 챙겨 가요 디자인이 고급스럽고 재질이 튼튼하고 가격이 만족스럽고,2024-06-18
968,P-1023,1,사이즈가 헐렁하고 색상이 칙칙하고 배송이 느리고 환불이 계속 지연되고 별점이 아까워요ㅠㅠ,2024-03-18
969,P-1033,4,재질이 튼튼하고 가격이 비싼데 별로고 그냥 무난해요,2024-01-07
970,P-1004,1,디자인이 사진과 다르고 배송이 일주일째 지연되고 완전 실망이에요,2024-04-23
971,P-1013,5,기대 이상이라 좋네요 자취 시작하면서 샀는데 좁은 원룸 공간에 잘 맞아요 포장이 꼼꼼하고 디자인이 고급스럽고 배송이 신속하고 가볍고 휴대가 편해 차박 갈 때마다 챙겨요,2024-03-25
972,P-1030,5,반려동물 강아지 있는 집인데 털 청소가 간편해 위생적이에요 재질이 부드럽고 배송이 신속하고 가성비가 훌륭하고 강력 추천합니다!!,2024-05-18
973,P-1024,1,포장이 엉망이고 색상이 사진과 다르고 별점이 아까워요ㅋㅋ,2024-04-04
974,P-1000,1,재질이 부실하고 배송이 하세월이고 두 번 다시 안 사요,2024-05-04
975,P-1016,5,디자인이 세련되고 원룸 자취 공간에 두기 딱 좋은 크기예요 재구매 의사 있어요 반려동물 키우는 집이라 털 청소가 쉽고 위생적이라 좋아요 사이즈가 넉넉하고 배송이 빠르고,2024-06-21
976,P-1025,1,포장이 엉망이고 배송이 느리고 가격값을 못 하고 환불이 계속 지연되고 환불 받고 싶네요ㅋㅋ,2024-04-25
977,P-1020,5,캠핑 차박 같은 야외에서 휴대가 편해 의외로 유용해요 사이즈가 넉넉하고 색상이 마음에 들고 자취방 원룸이 좁아서 걱정했는데 공간을 차지하지 않아요 재구매 의사 있어요 재질이 부드럽고ㅠㅠ,2024-05-04
978,P-1030,4,배송이 빠르고 가격이 비싼데 별로고 그냥 무난해요,2024-04-21
979,P-1030,1,가격값을 못 하고 배송이 일주일째 지연되고 재질이 싸구려 같고 환불 요청에 연락이 안 되고 완전 실망이에요,2024-03-19
980,P-1030,5,재질이 고급스럽고 캠핑 야외에서 쓰기 좋고 휴대가 편해요 포장이 깔끔하고 자취방 원룸이 좁아서 걱정했는데 공간을 차지하지 않아요 전체적으로 만족스러워요 사이즈가 넉넉하고!!,2024-05-20
981,P-1039,5,자취방이 좁은데 원룸 공간을 차지하지 않아 만족해요 포장이 꼼꼼하고 기대 이상이라 좋네요 색상이 선명하고 재질이 부드럽고...,2024-01-23
982,P-1034,1,사이즈가 헐렁하고 포장이 부실해서 파손됐고 환불 요청에 연락이 안 되고 별점이 아까워요,2024-04-05
983,P-1036,1,가격이 비싼데 별로고 사이즈가 헐렁하고 환불 요청에 연락이 안 되고 별점이 아까워요,2024-04-16
984,P-1030,5,캠핑 다닐 때 배낭에 넣어도 가벼워 부담 없어요 디자인이 세련되고 전체적으로 만족스러워요 색상이 화면과 똑같고 사이즈가 넉넉하고,2024-06-08
985,P-1019,5,재구매 의사 있어요 디자인이 세련되고 색상이 마음에 들고 캠핑 다닐 때 배낭에 넣어도 가벼워 부담 없어요 사이즈가 넉넉하고 반려동물 강아지 있는 집인데 털 청소가 간편해 위생적이에요,2024-06-04
986,P-1007,2,색상이 마음에 들고 포장이 엉망이고 그냥 무난해요,2024-02-07
987,P-1022,1,색상이 칙칙하고 디자인이 별로고 별점이 아까워요,2024-05-14
988,P-1038,5,캠핑 다닐 때 배낭에 넣어도 가벼워 부담 없어요 사이즈가 딱 맞고 전체적으로 만족스러워요 반려동물 강아지 있는 집인데 털 청소가 간편해 위생적이에요 디자인이 세련되고 가격이 만족스럽고...,2024-04-20
989,P-1006,5,사이즈가 딱 맞고 배송이 하루 만에 오고 포장이 꼼꼼하고 기대 이상이라 좋네요 강아지 털 청소가 쉬워서 반려동물 키우며 입소문 났어요,2024-06-12
990,P-1037,1,디자인이 사진과 다르고 재질이 거칠고 환불 요청에 연락이 안 되고 별점이 아까워요,2024-04-19
991,P-1018,5,사이즈가 정사이즈고 자취 시작하면서 샀는데 좁은 원룸 공간에 잘 맞아요 재질이 부드럽고 기대 이상이라 좋네요 색상이 마음에 들고!!,2024-02-27
992,P-1023,1,포장이 엉망이고 배송이 하세월이고 환불이 계속 지연되고 사이즈가 안 맞고 완전 실망이에요,2024-04-14
993,P-1030,5,재구매 의사 있어요 자취 시작하면서 샀는데 좁은 원룸 공간에 잘 맞아요 재질이 부드럽고 원래 집에서 쓰려고 샀는데 가벼워서 차박 갈 때 챙겨 가요 색상이 화면과 똑같고 포장이 꼼꼼하고,2024-05-07
994,P-1005,5,가성비가 훌륭하고 디자인이 고급스럽고 차박 야외에서 휴대가 편하고 가벼워 유용해요 전체적으로 만족스러워요 색상이 마음에 들고,2024-05-25
995,P-1019,1,환불이 계속 지연되고 재질이 부실하고 사이즈가 안 맞고 별점이 아까워요ㅠㅠ,2024-05-11
996,P-1002,1,디자인이 별로고 사이즈가 작고 포장이 허술하고 완전 실망이에요,2024-02-18
997,P-1034,5,강아지 털 청소가 쉬워서 반려동물 키우며 입소문 났어요 가성비가 훌륭하고 기대 이상이라 좋네요 색상이 마음에 들고 재질이 고급스럽고 가볍고 휴대가 편해 차박 갈 때마다 챙겨요ㅠㅠ,2024-04-15
998,P-1005,1,사이즈가 헐렁하고 가격이 비싼데 별로고 환불 요청에 연락이 안 되고 별점이 아까워요!!,2024-03-20
999,P-1039,1,배송이 느리고 환불 문의에 연락이 두절이고 가격이 아깝고 디자인이 별로고 완전 실망이에요ㅋㅋ,2024-05-06
1000,P-1013,5,포장이 깔끔하고 가격이 합리적이고 재구매 의사 있어요 차박 야외에서 휴대가 편하고 가벼워 유용해요 사이즈가 정사이즈고,2024-06-02
1001,P-1000,5,가격이 만족스럽고 원래 집에서 쓰려고 샀는데 가벼워서 차박 갈 때 챙겨 가요 전체적으로 만족스러워요 색상이 화면과 똑같고 배송이 신속하고...,2024-05-18
1002,P-1023,1,환불 취소 처리가 엉망이고 색상이 사진과 다르고 배송이 일주일째 지연되고 완전 실망이에요,2024-05-04
1003,P-1003,1,환불 요청에 연락이 안 되고 재질이 싸구려 같고 배송이 일주일째 지연되고 두 번 다시 안 사요ㅠㅠ,2024-04-13
1004,P-1025,5,캠핑 다닐 때 배낭에 넣어도 가벼워 부담 없어요 색상이 화면과 똑같고 기대 이상이라 좋네요 사이즈가 딱 맞고 자취 시작하면서 샀는데 좁은 원룸 공간에 잘 맞아요 포장이 깔끔하고ㅠㅠ,2024-06-05
1005,P-1033,5,원룸 자취 공간에 두기 딱 좋은 크기예요 가성비가 훌륭하고 색상이 마음에 들고 사이즈가 딱 맞고 재구매 의사 있어요!!,2024-02-21
1006,P-1038,1,사이즈가 안 맞고 색상이 칙칙하고 환불이 계속 지연되고 두 번 다시 안 사요ㅋㅋ,2024-04-26
1007,P-1039,1,색상이 이상하고 사이즈가 헐렁하고 환불 문의에 연락이 두절이고 두 번 다시 안 사요...,2024-04-22
1008,P-1015,2,배송이 하루 만에 오고 디자인이 사진과 다르고 그냥 무난해요,2024-04-13
1009,P-1026,1,배송이 느리고 환불이 계속 지연되고 재질이 싸구려 같고 별점이 아까워요,2024-05-02
1010,P-1037,1,재질이 부실하고 가격이 비싼데 별로고 환불 받고 싶네요ㅠㅠ,2024-04-14
1011,P-1011,1,포장이 부실해서 파손됐고 환불 요청에 연락이 안 되고 사이즈가 헐렁하고 환불 받고 싶네요,2024-04-18
1012,P-1025,5,재구매 의사 있어요 강아지 털이 안 붙어서 반려동물 키우는 분들께 추천해요 가격이 만족스럽고 색상이 선명하고 배송이 하루 만에 오고...,2024-05-09
1013,P-1019,5,가격이 합리적이고 원래 집에서 쓰려고 샀는데 가벼워서 차박 갈 때 챙겨 가요 색상이 선명하고 디자인이 예쁘고 강력 추천합니다,2024-05-04
1014,P-1031,1,배송이 일주일째 지연되고 색상이 칙칙하고 완전 실망이에요...,2024-04-05
1015,P-1036,1,배송이 하세월이고 환불 문의에 연락이 두절이고 재질이 부실하고 디자인이 별로고 별점이 아까워요,2024-03-30
1016,P-1013,1,디자인이 사진과 다르고 포장이 엉망이고 환불이 계속 지연되고 환불 받고 싶네요ㅋㅋ,2024-04-11
1017,P-1032,5,재질이 부드럽고 가격이 만족스럽고 사이즈가 넉넉하고 기대 이상이라 좋네요 혼자 사는 원룸이라 공간 차지 안 하는 크기가 마음에 들어요!!,2024-03-20
1018,P-1030,1,색상이 이상하고 환불 요청에 연락이 안 되고 재질이 싸구려 같고 완전 실망이에요,2024-05-12
1019,P-1024,1,포장이 엉망이고 가격값을 못 하고 재질이 싸구려 같고 환불 받고 싶네요ㅠㅠ,2024-05-16
1020,P-1017,5,기대 이상이라 좋네요 색상이 선명하고 가성비가 훌륭하고 캠핑 다닐 때 배낭에 넣어도 가벼워 부담 없어요 사이즈가 정사이즈고,2024-05-16
