date,currency,rate_to_usd
2026-04-01,KRW,0.000716
2026-04-02,KRW,0.00072
2026-04-03,KRW,0.00072
2026-04-04,KRW,0.000721
2026-04-05,KRW,0.000723
2026-04-06,KRW,0.000725
2026-04-07,KRW,0.000726
2026-04-08,KRW,0.000727
2026-04-09,KRW,0.000732
2026-04-10,KRW,0.000734
2026-04-11,KRW,0.000733
2026-04-12,KRW,0.000732
2026-04-13,KRW,0.000732
2026-04-14,KRW,0.000729
2026-04-15,KRW,0.00073
2026-04-16,KRW,0.00073
2026-04-17,KRW,0.000728
2026-04-18,KRW,0.000729
2026-04-19,KRW,0.000728
2026-04-20,KRW,0.000726
2026-04-21,KRW,0.000722
2026-04-22,KRW,0.000722
2026-04-23,KRW,0.000722
2026-04-24,KRW,0.000723
2026-04-25,KRW,0.000722
2026-04-26,KRW,0.000723
2026-04-27,KRW,0.000722
2026-04-28,KRW,0.000723
2026-04-29,KRW,0.00072
2026-04-30,KRW,0.00072
2026-05-01,KRW,0.000721
2026-05-02,KRW,0.00072
2026-05-03,KRW,0.000721
2026-05-04,KRW,0.00072
2026-05-05,KRW,0.000721
2026-05-06,KRW,0.000719
2026-05-07,KRW,0.000719
2026-05-08,KRW,0.000716
2026-05-09,KRW,0.000718
2026-05-10,KRW,0.000716
2026-05-11,KRW,0.00072
2026-05-12,KRW,0.00072
2026-05-13,KRW,0.000716
2026-05-14,KRW,0.000716
2026-05-15,KRW,0.000718
2026-05-16,KRW,0.000716
2026-05-17,KRW,0.000718
2026-05-18,KRW,0.000718
2026-05-19,KRW,0.000719
2026-05-20,KRW,0.00072
2026-05-21,KRW,0.000724
2026-05-22,KRW,0.000725
2026-05-23,KRW,0.000727
2026-05-24,KRW,0.000727
2026-05-25,KRW,0.000727
2026-05-26,KRW,0.000726
2026-05-27,KRW,0.000725
2026-05-28,KRW,0.000727
2026-05-29,KRW,0.000731
2026-05-30,KRW,0.000729
2026-05-31,KRW,0.000729
2026-06-01,KRW,0.000733
2026-06-02,KRW,0.000733
2026-06-03,KRW,0.000734
2026-06-04,KRW,0.000733
2026-06-05,KRW,0.000734
2026-06-06,KRW,0.000732
2026-06-07,KRW,0.000734
2026-06-08,KRW,0.000734
2026-06-09,KRW,0.000734
2026-06-10,KRW,0.000733
2026-06-11,KRW,0.000734
2026-06-12,KRW,0.000734
2026-06-13,KRW,0.000731
2026-06-14,KRW,0.000728
2026-06-15,KRW,0.000728
2026-06-16,KRW,0.000728
2026-06-17,KRW,0.000731
2026-06-18,KRW,0.000732
2026-06-19,KRW,0.000734
2026-06-20,KRW,0.000734
2026-06-21,KRW,0.000731
2026-06-22,KRW,0.000728
2026-06-23,KRW,0.000726
2026-06-24,KRW,0.000728
2026-06-25,KRW,0.000727
2026-06-26,KRW,0.000724
2026-06-27,KRW,0.000721
2026-06-28,KRW,0.000719
2026-06-29,KRW,0.000721
2026-04-01,USD,1.0
2026-04-02,USD,1.0
2026-04-03,USD,1.0
2026-04-04,USD,1.0
2026-04-05,USD,1.0
2026-04-06,USD,1.0
2026-04-07,USD,1.0
2026-04-08,USD,1.0
2026-04-09,USD,1.0
2026-04-10,USD,1.0
2026-04-11,USD,1.0
2026-04-12,USD,1.0
2026-04-13,USD,1.0
2026-04-14,USD,1.0
2026-04-15,USD,1.0
2026-04-16,USD,1.0
2026-04-17,USD,1.0
2026-04-18,USD,1.0
2026-04-19,USD,1.0
2026-04-20,USD,1.0
2026-04-21,USD,1.0
2026-04-22,USD,1.0
2026-04-23,USD,1.0
2026-04-24,USD,1.0
2026-04-25,USD,1.0
2026-04-26,USD,1.0
2026-04-27,USD,1.0
2026-04-28,USD,1.0
2026-04-29,USD,1.0
2026-04-30,USD,1.0
2026-05-01,USD,1.0
2026-05-02,USD,1.0
2026-05-03,USD,1.0
2026-05-04,USD,1.0
2026-05-05,USD,1.0
2026-05-06,USD,1.0
2026-05-07,USD,1.0
2026-05-08,USD,1.0
2026-05-09,USD,1.0
2026-05-10,USD,1.0
2026-05-11,USD,1.0
2026-05-12,USD,1.0
2026-05-13,USD,1.0
2026-05-14,USD,1.0
2026-05-15,USD,1.0
2026-05-16,USD,1.0
2026-05-17,USD,1.0
2026-05-18,USD,1.0
2026-05-19,USD,1.0
2026-05-20,USD,1.0
2026-05-21,USD,1.0
2026-05-22,USD,1.0
2026-05-23,USD,1.0
2026-05-24,USD,1.0
2026-05-25,USD,1.0
2026-05-26,USD,1.0
2026-05-27,USD,1.0
2026-05-28,USD,1.0
2026-05-29,USD,1.0
2026-05-30,USD,1.0
2026-05-31,USD,1.0
2026-06-01,USD,1.0
2026-06-02,USD,1.0
2026-06-03,USD,1.0
2026-06-04,USD,1.0
2026-06-05,USD,1.0
2026-06-06,USD,1.0
2026-06-07,USD,1.0
2026-06-08,USD,1.0
2026-06-09,USD,1.0
2026-06-10,USD,1.0
2026-06-11,USD,1.0
2026-06-12,USD,1.0
2026-06-13,USD,1.0
2026-06-14,USD,1.0
2026-06-15,USD,1.0
2026-06-16,USD,1.0
2026-06-17,USD,1.0
2026-06-18,USD,1.0
2026-06-19,USD,1.0
2026-06-20,USD,1.0
2026-06-21,USD,1.0
2026-06-22,USD,1.0
2026-06-23,USD,1.0
2026-06-24,USD,1.0
2026-06-25,USD,1.0
2026-06-26,USD,1.0
2026-06-27,USD,1.0
2026-06-28,USD,1.0
2026-06-29,USD,1.0
2026-04-01,JPY,0.006619
2026-04-02,JPY,0.006626
2026-04-03,JPY,0.006635
2026-04-04,JPY,0.006636
2026-04-05,JPY,0.006642
2026-04-06,JPY,0.006638
2026-04-07,JPY,0.006675
2026-04-08,JPY,0.006676
2026-04-09,JPY,0.006686
2026-04-10,JPY,0.00667
2026-04-11,JPY,0.006674
2026-04-12,JPY,0.006682
2026-04-13,JPY,0.006663
2026-04-14,JPY,0.00666
2026-04-15,JPY,0.006627
2026-04-16,JPY,0.006605
2026-04-17,JPY,0.006599
2026-04-18,JPY,0.006581
2026-04-19,JPY,0.006589
2026-04-20,JPY,0.006599
2026-04-21,JPY,0.006607
2026-04-22,JPY,0.006618
2026-04-23,JPY,0.006619
2026-04-24,JPY,0.00661
2026-04-25,JPY,0.006626
2026-04-26,JPY,0.006611
2026-04-27,JPY,0.006599
2026-04-28,JPY,0.006598
2026-04-29,JPY,0.006587
2026-04-30,JPY,0.006599
2026-05-01,JPY,0.006601
2026-05-02,JPY,0.006598
2026-05-03,JPY,0.006604
2026-05-04,JPY,0.006603
2026-05-05,JPY,0.00664
2026-05-06,JPY,0.006632
2026-05-07,JPY,0.006613
2026-05-08,JPY,0.006587
2026-05-09,JPY,0.006594
2026-05-10,JPY,0.006618
2026-05-11,JPY,0.006626
2026-05-12,JPY,0.006617
2026-05-13,JPY,0.006619
2026-05-14,JPY,0.006618
2026-05-15,JPY,0.006613
2026-05-16,JPY,0.00664
2026-05-17,JPY,0.006666
2026-05-18,JPY,0.006654
2026-05-19,JPY,0.006649
2026-05-20,JPY,0.006637
2026-05-21,JPY,0.006637
2026-05-22,JPY,0.006653
2026-05-23,JPY,0.006653
2026-05-24,JPY,0.006658
2026-05-25,JPY,0.006648
2026-05-26,JPY,0.006615
2026-05-27,JPY,0.006607
2026-05-28,JPY,0.006616
2026-05-29,JPY,0.006597
2026-05-30,JPY,0.006626
2026-05-31,JPY,0.006605
2026-06-01,JPY,0.006587
2026-06-02,JPY,0.006603
2026-06-03,JPY,0.006571
2026-06-04,JPY,0.006554
2026-06-05,JPY,0.006566
2026-06-06,JPY,0.006579
2026-06-07,JPY,0.006601
2026-06-08,JPY,0.006607
2026-06-09,JPY,0.006617
2026-06-10,JPY,0.006627
2026-06-11,JPY,0.006638
2026-06-12,JPY,0.006649
2026-06-13,JPY,0.006657
2026-06-14,JPY,0.006688
2026-06-15,JPY,0.006714
2026-06-16,JPY,0.006696
2026-06-17,JPY,0.006694
2026-06-18,JPY,0.006686
2026-06-19,JPY,0.006686
2026-06-20,JPY,0.00666
2026-06-21,JPY,0.006664
2026-06-22,JPY,0.006684
2026-06-23,JPY,0.006658
2026-06-24,JPY,0.006686
2026-06-25,JPY,0.006655
2026-06-26,JPY,0.006657
2026-06-27,JPY,0.006645
2026-06-28,JPY,0.006626
2026-06-29,JPY,0.006627
2026-04-01,EUR,1.082207
2026-04-02,EUR,1.085929
2026-04-03,EUR,1.083306
2026-04-04,EUR,1.080604
2026-04-05,EUR,1.084004
2026-04-06,EUR,1.082064
2026-04-07,EUR,1.078032
2026-04-08,EUR,1.077078
2026-04-09,EUR,1.084204
2026-04-10,EUR,1.081787
2026-04-11,EUR,1.081625
2026-04-12,EUR,1.085552
2026-04-13,EUR,1.085438
2026-04-14,EUR,1.083008
2026-04-15,EUR,1.086776
2026-04-16,EUR,1.086657
2026-04-17,EUR,1.089127
2026-04-18,EUR,1.086934
2026-04-19,EUR,1.088828
2026-04-20,EUR,1.087688
2026-04-21,EUR,1.087526
2026-04-22,EUR,1.08264
2026-04-23,EUR,1.081976
2026-04-24,EUR,1.082437
2026-04-25,EUR,1.086897
2026-04-26,EUR,1.083052
2026-04-27,EUR,1.076978
2026-04-28,EUR,1.07418
2026-04-29,EUR,1.074492
2026-04-30,EUR,1.076872
2026-05-01,EUR,1.078077
2026-05-02,EUR,1.077626
2026-05-03,EUR,1.075252
2026-05-04,EUR,1.071681
2026-05-05,EUR,1.066245
2026-05-06,EUR,1.065456
2026-05-07,EUR,1.071232
2026-05-08,EUR,1.075623
2026-05-09,EUR,1.074441
2026-05-10,EUR,1.075251
2026-05-11,EUR,1.070728
2026-05-12,EUR,1.068733
2026-05-13,EUR,1.070921
2026-05-14,EUR,1.070588
2026-05-15,EUR,1.069398
2026-05-16,EUR,1.07372
2026-05-17,EUR,1.071989
2026-05-18,EUR,1.066783
2026-05-19,EUR,1.059511
2026-05-20,EUR,1.059484
2026-05-21,EUR,1.063151
2026-05-22,EUR,1.062289
2026-05-23,EUR,1.058485
2026-05-24,EUR,1.060013
2026-05-25,EUR,1.061121
2026-05-26,EUR,1.060077
2026-05-27,EUR,1.057086
2026-05-28,EUR,1.060229
2026-05-29,EUR,1.05785
2026-05-30,EUR,1.060223
2026-05-31,EUR,1.066833
2026-06-01,EUR,1.062413
2026-06-02,EUR,1.064369
2026-06-03,EUR,1.060924
2026-06-04,EUR,1.06449
2026-06-05,EUR,1.063019
2026-06-06,EUR,1.062613
2026-06-07,EUR,1.063724
2026-06-08,EUR,1.067521
2026-06-09,EUR,1.065974
2026-06-10,EUR,1.064006
2026-06-11,EUR,1.061314
2026-06-12,EUR,1.064562
2026-06-13,EUR,1.067626
2026-06-14,EUR,1.064604
2026-06-15,EUR,1.066517
2026-06-16,EUR,1.071108
2026-06-17,EUR,1.072024
2026-06-18,EUR,1.066941
2026-06-19,EUR,1.06782
2026-06-20,EUR,1.0654
2026-06-21,EUR,1.064495
2026-06-22,EUR,1.062963
2026-06-23,EUR,1.063905
2026-06-24,EUR,1.064855
2026-06-25,EUR,1.069955
2026-06-26,EUR,1.070421
2026-06-27,EUR,1.070003
2026-06-28,EUR,1.06411
2026-06-29,EUR,1.063938
2026-04-01,BRL,0.190353
2026-04-02,BRL,0.190244
2026-04-03,BRL,0.190366
2026-04-04,BRL,0.190956
2026-04-05,BRL,0.190057
2026-04-06,BRL,0.190096
2026-04-07,BRL,0.191123
2026-04-08,BRL,0.19079
2026-04-09,BRL,0.189969
2026-04-10,BRL,0.190205
2026-04-11,BRL,0.189417
2026-04-12,BRL,0.188766
2026-04-13,BRL,0.189281
2026-04-14,BRL,0.188867
2026-04-15,BRL,0.189126
2026-04-16,BRL,0.188357
2026-04-17,BRL,0.188218
2026-04-18,BRL,0.188158
2026-04-19,BRL,0.188281
2026-04-20,BRL,0.188753
2026-04-21,BRL,0.188349
2026-04-22,BRL,0.188791
2026-04-23,BRL,0.188045
2026-04-24,BRL,0.187958
2026-04-25,BRL,0.18864
2026-04-26,BRL,0.188477
2026-04-27,BRL,0.187717
2026-04-28,BRL,0.187139
2026-04-29,BRL,0.187046
2026-04-30,BRL,0.187165
2026-05-01,BRL,0.186671
2026-05-02,BRL,0.186562
2026-05-03,BRL,0.187006
2026-05-04,BRL,0.187597
2026-05-05,BRL,0.187106
2026-05-06,BRL,0.187129
2026-05-07,BRL,0.18749
2026-05-08,BRL,0.187428
2026-05-09,BRL,0.186551
2026-05-10,BRL,0.185751
2026-05-11,BRL,0.185973
2026-05-12,BRL,0.186051
2026-05-13,BRL,0.185675
2026-05-14,BRL,0.186802
2026-05-15,BRL,0.187544
2026-05-16,BRL,0.188179
2026-05-17,BRL,0.188048
2026-05-18,BRL,0.187482
2026-05-19,BRL,0.187171
2026-05-20,BRL,0.18788
2026-05-21,BRL,0.187981
2026-05-22,BRL,0.188333
2026-05-23,BRL,0.1885
2026-05-24,BRL,0.190012
2026-05-25,BRL,0.188866
2026-05-26,BRL,0.187448
2026-05-27,BRL,0.187974
2026-05-28,BRL,0.187319
2026-05-29,BRL,0.188225
2026-05-30,BRL,0.188044
2026-05-31,BRL,0.187526
2026-06-01,BRL,0.187597
2026-06-02,BRL,0.187829
2026-06-03,BRL,0.187767
2026-06-04,BRL,0.187118
2026-06-05,BRL,0.185848
2026-06-06,BRL,0.184758
2026-06-07,BRL,0.184224
2026-06-08,BRL,0.183971
2026-06-09,BRL,0.184063
2026-06-10,BRL,0.18348
2026-06-11,BRL,0.182532
2026-06-12,BRL,0.182368
2026-06-13,BRL,0.183758
2026-06-14,BRL,0.184047
2026-06-15,BRL,0.183776
2026-06-16,BRL,0.183978
2026-06-17,BRL,0.183727
2026-06-18,BRL,0.183172
2026-06-19,BRL,0.182728
2026-06-20,BRL,0.182694
2026-06-21,BRL,0.18128
2026-06-22,BRL,0.181105
2026-06-23,BRL,0.180732
2026-06-24,BRL,0.181521
2026-06-25,BRL,0.181029
2026-06-26,BRL,0.181241
2026-06-27,BRL,0.181359
2026-06-28,BRL,0.181738
2026-06-29,BRL,0.181951
