user_id,new_flag,retained_d7
u00001,false,false
u00002,false,false
u00003,false,false
u00004,false,false
u00005,false,false
u00006,false,true
u00007,false,false
u00008,false,false
u00009,true,true
u00010,false,true
u00011,true,false
u00012,false,true
u00013,false,false
u00014,false,false
u00015,false,false
u00016,true,false
u00017,false,false
u00018,false,true
u00019,false,false
u00020,false,false
u00021,false,false
u00022,false,true
u00023,true,true
u00024,false,true
u00025,false,false
u00026,true,false
u00027,false,false
u00028,false,true
u00029,false,false
u00030,false,false
u00031,false,false
u00032,false,false
u00033,true,false
u00034,true,true
u00035,false,false
u00036,false,true
u00037,false,false
u00038,false,false
u00039,false,false
u00040,true,false
u00041,false,true
u00042,false,false
u00043,false,false
u00044,false,false
u00045,false,false
u00046,false,false
u00047,false,false
u00048,false,false
u00049,true,false
u00050,true,false
u00051,false,true
u00052,false,false
u00053,false,false
u00054,true,true
u00055,false,false
u00056,false,false
u00057,true,true
u00058,false,false
u00059,false,false
u00060,false,true
u00061,false,true
u00062,false,false
u00063,false,true
u00064,false,false
u00065,false,false
u00066,false,false
u00067,true,false
u00068,false,false
u00069,false,false
u00070,true,false
u00071,false,false
u00072,true,true
u00073,false,true
u00074,true,true
u00075,false,false
u00076,false,false
u00077,true,false
u00078,false,false
u00079,false,false
u00080,false,false
u00081,false,true
u00082,false,true
u00083,false,false
u00084,false,false
u00085,false,false
u00086,false,false
u00087,false,true
u00088,false,false
u00089,false,false
u00090,false,true
u00091,false,false
u00092,false,false
u00093,false,false
u00094,false,true
u00095,false,true
u00096,false,false
u00097,false,true
u00098,false,false
u00099,true,false
u00100,false,false
u00101,false,true
u00102,true,true
u00103,true,true
u00104,false,false
u00105,false,false
u00106,false,false
u00107,true,true
u00108,false,true
u00109,false,false
u00110,true,true
u00111,false,true
u00112,false,false
u00113,false,false
u00114,true,true
u00115,false,false
u00116,false,true
u00117,false,true
u00118,false,true
u00119,true,true
u00120,false,true
u00121,false,true
u00122,false,true
u00123,false,true
u00124,false,true
u00125,false,true
u00126,false,true
u00127,false,true
u00128,false,true
u00129,true,true
u00130,false,false
u00131,false,false
u00132,false,true
u00133,false,true
u00134,false,true
u00135,false,true
u00136,false,false
u00137,false,false
u00138,false,false
u00139,true,true
u00140,false,false
u00141,false,true
u00142,true,true
u00143,false,false
u00144,true,true
u00145,false,true
u00146,false,true
u00147,false,false
u00148,false,false
u00149,false,true
u00150,false,true
u00151,false,true
u00152,false,true
u00153,false,false
u00154,true,false
u00155,false,true
u00156,true,true
u00157,false,true
u00158,true,false
u00159,false,true
u00160,false,true
u00161,true,true
u00162,false,false
u00163,false,true
u00164,false,true
u00165,false,true
u00166,false,false
u00167,false,true
u00168,false,false
u00169,false,false
u00170,false,true
u00171,false,true
u00172,false,true
u00173,true,true
u00174,false,true
u00175,false,true
u00176,true,true
u00177,true,false
u00178,false,false
u00179,true,true
u00180,true,true
u00181,false,true
u00182,false,false
u00183,false,false
u00184,false,true
u00185,false,false
u00186,false,true
u00187,false,false
u00188,false,true
u00189,false,false
u00190,false,false
u00191,true,false
u00192,false,true
u00193,false,false
u00194,false,true
u00195,false,false
u00196,true,false
u00197,false,false
u00198,false,false
u00199,true,false
u00200,true,true
u00201,false,true
u00202,false,false
u00203,true,true
u00204,false,true
u00205,false,false
u00206,false,true
u00207,false,false
u00208,false,false
u00209,true,false
u00210,false,false
u00211,false,true
u00212,false,true
u00213,false,true
u00214,false,false
u00215,false,false
u00216,false,false
u00217,false,true
u00218,true,false
u00219,false,false
u00220,false,true
u00221,false,false
u00222,true,false
u00223,false,false
u00224,false,false
u00225,true,true
u00226,true,false
u00227,false,false
u00228,true,true
u00229,false,false
u00230,true,true
u00231,true,false
u00232,true,false
u00233,false,false
u00234,true,true
u00235,false,true
u00236,true,true
u00237,false,false
u00238,false,false
u00239,true,true
u00240,false,false
u00241,false,false
u00242,true,false
u00243,false,true
u00244,false,true
u00245,false,false
u00246,false,true
u00247,false,false
u00248,false,true
u00249,false,false
u00250,false,true
u00251,true,false
u00252,false,false
u00253,false,false
u00254,true,true
u00255,true,true
u00256,false,true
u00257,false,false
u00258,true,false
u00259,false,true
u00260,false,false
u00261,false,true
u00262,true,true
u00263,false,true
u00264,true,false
u00265,false,true
u00266,false,false
u00267,false,true
u00268,false,false
u00269,true,true
u00270,false,true
u00271,false,true
u00272,false,true
u00273,true,false
u00274,false,true
u00275,true,true
u00276,false,true
u00277,true,true
u00278,false,false
u00279,true,false
u00280,false,false
u00281,false,true
u00282,false,true
u00283,false,true
u00284,false,false
u00285,false,true
u00286,true,false
u00287,false,true
u00288,true,true
u00289,false,true
u00290,false,true
u00291,true,true
u00292,false,true
u00293,false,true
u00294,false,true
u00295,false,true
u00296,false,true
u00297,false,true
u00298,false,true
u00299,true,true
u00300,false,true
u00301,false,true
u00302,false,false
u00303,true,true
u00304,false,true
u00305,false,true
u00306,true,false
u00307,false,true
u00308,false,false
u00309,false,false
u00310,true,false
u00311,true,true
u00312,false,false
u00313,false,false
u00314,true,false
u00315,false,true
u00316,true,true
u00317,false,false
u00318,false,true
u00319,false,true
u00320,false,false
u00321,false,false
u00322,false,false
u00323,false,true
u00324,false,false
u00325,true,false
u00326,true,true
u00327,false,false
u00328,false,false
u00329,false,true
u00330,true,false
u00331,false,false
u00332,true,false
u00333,false,false
u00334,false,true
u00335,false,true
u00336,false,true
u00337,true,false
u00338,false,true
u00339,false,false
u00340,false,false
u00341,true,true
u00342,false,false
u00343,true,false
u00344,false,true
u00345,false,true
u00346,false,true
u00347,true,false
u00348,false,false
u00349,true,true
u00350,true,true
u00351,false,false
u00352,false,true
u00353,false,true
u00354,true,false
u00355,false,true
u00356,false,false
u00357,false,true
u00358,false,true
u00359,false,false
u00360,true,false
u00361,true,true
u00362,false,true
u00363,true,false
u00364,false,true
u00365,true,false
u00366,false,false
u00367,false,true
u00368,true,true
u00369,true,true
u00370,false,false
u00371,false,false
u00372,false,true
u00373,false,true
u00374,false,true
u00375,false,false
u00376,true,false
u00377,false,false
u00378,true,false
u00379,false,true
u00380,false,true
u00381,false,true
u00382,false,false
u00383,false,true
u00384,true,false
u00385,false,true
u00386,false,false
u00387,false,false
u00388,true,false
u00389,false,false
u00390,true,false
u00391,true,false
u00392,false,true
u00393,false,false
u00394,false,false
u00395,true,false
u00396,false,true
u00397,true,true
u00398,false,false
u00399,false,true
u00400,false,false
u00401,false,false
u00402,false,true
u00403,true,false
u00404,false,false
u00405,true,true
u00406,true,true
u00407,true,false
u00408,false,true
u00409,true,true
u00410,false,true
u00411,false,false
u00412,true,false
u00413,false,false
u00414,false,false
u00415,false,true
u00416,false,true
u00417,false,true
u00418,true,false
u00419,false,false
u00420,false,true
u00421,false,true
u00422,true,false
u00423,false,true
u00424,false,true
u00425,false,false
u00426,false,true
u00427,false,false
u00428,true,true
u00429,false,false
u00430,false,true
u00431,false,false
u00432,false,false
u00433,false,true
u00434,false,true
u00435,false,false
u00436,false,false
u00437,false,true
u00438,false,true
u00439,false,true
u00440,true,true
u00441,false,true
u00442,false,true
u00443,false,true
u00444,false,false
u00445,false,true
u00446,true,true
u00447,false,false
u00448,false,false
u00449,true,true
u00450,false,true
u00451,true,false
u00452,false,true
u00453,false,true
u00454,true,false
u00455,false,true
u00456,false,true
u00457,false,true
u00458,true,false
u00459,false,true
u00460,false,true
u00461,true,false
u00462,false,false
u00463,true,true
u00464,false,false
u00465,false,true
u00466,false,false
u00467,false,false
u00468,false,false
u00469,false,false
u00470,false,false
u00471,true,false
u00472,false,true
u00473,false,false
u00474,false,true
u00475,false,true
u00476,false,false
u00477,false,false
u00478,true,false
u00479,false,false
u00480,false,false
u00481,false,true
u00482,false,false
u00483,false,true
u00484,false,false
u00485,false,false
u00486,false,false
u00487,false,true
u00488,false,true
u00489,false,true
u00490,false,false
u00491,false,true
u00492,false,true
u00493,true,false
u00494,false,false
u00495,false,false
u00496,false,false
u00497,false,false
u00498,false,true
u00499,true,true
u00500,true,true
u00501,true,false
u00502,false,false
u00503,false,false
u00504,true,false
u00505,true,true
u00506,false,true
u00507,false,false
u00508,false,true
u00509,false,false
u00510,false,true
u00511,false,false
u00512,false,true
u00513,false,false
u00514,true,false
u00515,false,false
u00516,false,false
u00517,false,true
u00518,true,true
u00519,false,true
u00520,false,false
u00521,false,true
u00522,false,true
u00523,false,false
u00524,true,true
u00525,false,true
u00526,false,true
u00527,false,false
u00528,true,true
u00529,true,true
u00530,false,false
u00531,false,false
u00532,true,true
u00533,false,false
u00534,true,false
u00535,false,true
u00536,false,false
u00537,true,true
u00538,false,true
u00539,true,true
u00540,false,true
u00541,false,false
u00542,false,false
u00543,false,false
u00544,false,true
u00545,false,true
u00546,false,true
u00547,true,false
u00548,false,true
u00549,false,false
u00550,false,true
u00551,false,true
u00552,false,false
u00553,true,false
u00554,false,true
u00555,false,true
u00556,true,true
u00557,false,true
u00558,false,true
u00559,false,true
u00560,false,true
u00561,false,true
u00562,false,true
u00563,true,false
u00564,false,true
u00565,false,true
u00566,false,true
u00567,false,false
u00568,false,false
u00569,true,false
u00570,false,true
u00571,false,true
u00572,true,false
u00573,false,false
u00574,false,false
u00575,true,true
u00576,false,true
u00577,false,true
u00578,false,false
u00579,true,false
u00580,true,false
u00581,true,false
u00582,false,true
u00583,true,true
u00584,false,true
u00585,false,false
u00586,true,false
u00587,true,true
u00588,false,false
u00589,false,true
u00590,false,true
u00591,false,false
u00592,false,true
u00593,true,false
u00594,true,true
u00595,false,true
u00596,true,false
u00597,true,true
u00598,false,true
u00599,false,true
u00600,true,true
u00601,false,true
u00602,false,false
u00603,false,false
u00604,false,false
u00605,true,true
u00606,false,true
u00607,true,true
u00608,false,true
u00609,false,true
u00610,false,true
u00611,true,false
u00612,false,false
u00613,false,true
u00614,false,false
u00615,false,false
u00616,true,true
u00617,false,false
u00618,false,true
u00619,false,true
u00620,false,true
u00621,false,true
u00622,false,true
u00623,true,false
u00624,false,false
u00625,false,true
u00626,false,false
u00627,false,true
u00628,true,false
u00629,false,true
u00630,false,true
u00631,false,false
u00632,false,false
u00633,false,true
u00634,true,true
u00635,false,true
u00636,false,true
u00637,true,true
u00638,false,false
u00639,true,false
u00640,false,true
u00641,false,true
u00642,false,true
u00643,false,true
u00644,false,true
u00645,false,true
u00646,false,true
u00647,false,false
u00648,false,true
u00649,false,true
u00650,true,true
u00651,false,true
u00652,true,true
u00653,false,false
u00654,false,true
u00655,false,false
u00656,true,false
u00657,true,true
u00658,false,true
u00659,false,false
u00660,false,false
u00661,true,false
u00662,false,false
u00663,false,true
u00664,false,false
u00665,true,false
u00666,true,false
u00667,true,false
u00668,false,true
u00669,true,false
u00670,false,true
u00671,true,false
u00672,false,true
u00673,true,true
u00674,false,false
u00675,true,true
u00676,false,false
u00677,false,true
u00678,true,true
u00679,true,false
u00680,false,true
u00681,false,true
u00682,false,false
u00683,false,true
u00684,true,false
u00685,false,false
u00686,true,false
u00687,false,true
u00688,false,true
u00689,false,true
u00690,false,true
u00691,false,true
u00692,false,true
u00693,false,true
u00694,false,true
u00695,true,false
u00696,false,true
u00697,true,false
u00698,false,false
u00699,false,true
u00700,false,false
u00701,false,true
u00702,true,false
u00703,true,true
u00704,false,false
u00705,true,true
u00706,true,true
u00707,false,false
u00708,false,true
u00709,false,true
u00710,false,false
u00711,true,false
u00712,false,true
u00713,true,true
u00714,false,true
u00715,true,false
u00716,true,true
u00717,true,true
u00718,false,true
u00719,false,true
u00720,true,true
u00721,true,false
u00722,false,true
u00723,false,true
u00724,false,false
u00725,false,true
u00726,false,true
u00727,false,true
u00728,false,true
u00729,false,true
u00730,false,true
u00731,true,true
u00732,false,true
u00733,false,false
u00734,true,true
u00735,false,false
u00736,true,true
u00737,false,true
u00738,false,false
u00739,false,false
u00740,false,false
u00741,false,true
u00742,false,false
u00743,true,true
u00744,false,false
u00745,false,false
u00746,false,true
u00747,false,true
u00748,true,true
u00749,false,true
u00750,false,false
u00751,false,false
u00752,true,false
u00753,false,false
u00754,false,true
u00755,false,true
u00756,false,false
u00757,false,false
u00758,false,true
u00759,false,false
u00760,false,false
u00761,true,false
u00762,false,false
u00763,false,true
u00764,false,true
u00765,false,true
u00766,false,false
u00767,false,false
u00768,false,true
u00769,false,true
u00770,true,false
u00771,false,true
u00772,false,true
u00773,false,true
u00774,false,true
u00775,true,true
u00776,false,true
u00777,true,true
u00778,false,true
u00779,false,true
u00780,false,true
u00781,false,true
u00782,false,false
u00783,true,false
u00784,false,true
u00785,false,false
u00786,false,true
u00787,false,true
u00788,false,true
u00789,false,true
u00790,false,true
u00791,false,false
u00792,true,false
u00793,false,true
u00794,false,false
u00795,false,true
u00796,false,true
u00797,false,true
u00798,true,true
u00799,false,false
u00800,true,false
u00801,true,true
u00802,false,true
u00803,false,true
u00804,true,true
u00805,true,true
u00806,false,true
u00807,false,true
u00808,false,false
u00809,false,true
u00810,false,true
u00811,false,true
u00812,false,false
u00813,false,true
u00814,false,true
u00815,false,false
u00816,false,true
u00817,true,true
u00818,true,false
u00819,true,false
u00820,true,true
u00821,false,true
u00822,false,false
u00823,false,true
u00824,false,true
u00825,false,true
u00826,false,false
u00827,false,false
u00828,true,true
u00829,true,true
u00830,false,false
u00831,false,false
u00832,false,false
u00833,true,true
u00834,false,true
u00835,false,false
u00836,false,false
u00837,false,false
u00838,false,false
u00839,true,true
u00840,false,false
u00841,false,true
u00842,false,true
u00843,true,false
u00844,false,false
u00845,true,true
u00846,false,false
u00847,false,false
u00848,false,true
u00849,false,false
u00850,false,false
u00851,true,false
u00852,false,true
u00853,true,false
u00854,false,true
u00855,false,true
u00856,false,true
u00857,true,false
u00858,false,false
u00859,true,true
u00860,false,false
u00861,false,false
u00862,false,true
u00863,false,true
u00864,true,true
u00865,false,false
u00866,false,false
u00867,false,true
u00868,false,false
u00869,false,false
u00870,true,true
u00871,false,true
u00872,false,false
u00873,false,false
u00874,true,true
u00875,false,true
u00876,true,false
u00877,false,false
u00878,false,true
u00879,false,false
u00880,false,true
u00881,false,true
u00882,false,true
u00883,false,false
u00884,false,false
u00885,false,true
u00886,false,true
u00887,false,false
u00888,false,true
u00889,false,true
u00890,false,false
u00891,false,true
u00892,true,false
u00893,false,false
u00894,false,false
u00895,false,false
u00896,false,false
u00897,false,false
u00898,false,false
u00899,false,true
u00900,true,true
u00901,false,true
u00902,false,true
u00903,false,true
u00904,false,true
u00905,false,false
u00906,false,false
u00907,false,false
u00908,false,true
u00909,false,false
u00910,true,false
u00911,false,true
u00912,false,false
u00913,false,false
u00914,false,false
u00915,false,true
u00916,true,true
u00917,true,true
u00918,false,true
u00919,false,false
u00920,false,true
u00921,false,false
u00922,true,false
u00923,false,true
u00924,false,true
u00925,false,true
u00926,true,false
u00927,false,false
u00928,false,false
u00929,false,true
u00930,false,true
u00931,false,true
u00932,false,true
u00933,false,false
u00934,true,false
u00935,false,false
u00936,false,false
u00937,false,false
u00938,false,true
u00939,true,false
u00940,false,true
u00941,false,true
u00942,false,false
u00943,false,false
u00944,false,true
u00945,false,true
u00946,false,true
u00947,false,true
u00948,false,false
u00949,false,false
u00950,false,true
u00951,false,true
u00952,false,true
u00953,true,false
u00954,false,false
u00955,false,true
u00956,false,true
u00957,true,true
u00958,false,true
u00959,true,false
u00960,true,true
u00961,false,false
u00962,false,true
u00963,false,true
u00964,false,false
u00965,true,true
u00966,false,true
u00967,false,false
u00968,false,true
u00969,false,false
u00970,false,false
u00971,false,true
u00972,false,false
u00973,false,false
u00974,false,false
u00975,false,true
u00976,false,false
u00977,true,true
u00978,false,true
u00979,false,true
u00980,false,true
u00981,false,false
u00982,false,true
u00983,false,false
u00984,true,false
u00985,false,true
u00986,false,true
u00987,false,false
u00988,true,true
u00989,false,true
u00990,false,false
u00991,false,false
u00992,true,true
u00993,false,true
u00994,false,true
u00995,true,true
u00996,false,true
u00997,true,false
u00998,false,false
u00999,false,true
u01000,false,true
u01001,true,false
u01002,false,true
u01003,false,false
u01004,true,true
u01005,false,false
u01006,false,true
u01007,false,true
u01008,false,true
u01009,false,true
u01010,false,false
u01011,false,true
u01012,false,false
u01013,true,true
u01014,false,true
u01015,false,false
u01016,false,true
u01017,true,true
u01018,false,true
u01019,false,true
u01020,false,true
u01021,false,false
u01022,true,true
u01023,true,true
u01024,false,false
u01025,true,true
u01026,false,false
u01027,false,false
u01028,false,true
u01029,false,true
u01030,false,true
u01031,false,false
u01032,true,false
u01033,false,true
u01034,true,true
u01035,false,false
u01036,false,false
u01037,false,false
u01038,false,false
u01039,false,false
u01040,false,false
u01041,true,true
u01042,false,false
u01043,false,false
u01044,true,true
u01045,false,false
u01046,true,false
u01047,false,false
u01048,false,true
u01049,false,true
u01050,false,true
u01051,false,false
u01052,false,true
u01053,false,false
u01054,false,true
u01055,false,true
u01056,false,true
u01057,false,false
u01058,true,true
u01059,false,true
u01060,false,true
u01061,false,true
u01062,false,true
u01063,true,true
u01064,false,false
u01065,false,false
u01066,true,false
u01067,false,false
u01068,false,false
u01069,true,true
u01070,false,true
u01071,false,false
u01072,false,true
u01073,false,true
u01074,false,true
u01075,true,false
u01076,false,true
u01077,false,true
u01078,false,false
u01079,false,false
u01080,false,true
u01081,false,true
u01082,true,false
u01083,false,false
u01084,false,false
u01085,false,true
u01086,false,false
u01087,false,true
u01088,true,true
u01089,false,true
u01090,false,false
u01091,false,true
u01092,false,false
u01093,false,true
u01094,false,true
u01095,false,true
u01096,false,true
u01097,false,true
u01098,false,true
u01099,true,true
u01100,true,false
u01101,false,true
u01102,false,true
u01103,true,true
u01104,false,false
u01105,false,false
u01106,false,true
u01107,false,true
u01108,false,false
u01109,false,false
u01110,false,true
u01111,false,false
u01112,false,true
u01113,false,true
u01114,false,false
u01115,false,true
u01116,false,true
u01117,false,false
u01118,false,true
u01119,true,false
u01120,true,true
u01121,false,true
u01122,false,true
u01123,true,false
u01124,false,true
u01125,false,false
u01126,false,false
u01127,false,false
u01128,true,false
u01129,false,false
u01130,true,true
u01131,false,false
u01132,false,true
u01133,false,false
u01134,true,false
u01135,false,true
u01136,true,true
u01137,true,true
u01138,true,false
u01139,false,false
u01140,true,true
u01141,false,true
u01142,false,false
u01143,false,true
u01144,false,true
u01145,false,false
u01146,false,true
u01147,false,true
u01148,false,true
u01149,false,true
u01150,false,false
u01151,false,true
u01152,false,true
u01153,false,false
u01154,true,true
u01155,false,true
u01156,false,true
u01157,false,true
u01158,false,true
u01159,false,true
u01160,false,false
u01161,true,false
u01162,false,true
u01163,true,true
u01164,false,false
u01165,false,true
u01166,false,true
u01167,false,false
u01168,false,true
u01169,true,true
u01170,false,true
u01171,false,true
u01172,false,true
u01173,false,true
u01174,false,true
u01175,true,true
u01176,false,true
u01177,false,false
u01178,false,false
u01179,false,false
u01180,false,false
u01181,false,true
u01182,false,false
u01183,false,false
u01184,false,true
u01185,true,true
u01186,false,false
u01187,false,true
u01188,false,true
u01189,false,true
u01190,false,false
u01191,true,true
u01192,false,true
u01193,false,true
u01194,false,true
u01195,false,false
u01196,true,true
u01197,false,true
u01198,false,true
u01199,false,true
u01200,false,false
u01201,false,true
u01202,true,false
u01203,true,true
u01204,true,false
u01205,false,true
u01206,true,true
u01207,false,true
u01208,false,true
u01209,false,false
u01210,false,true
u01211,true,false
u01212,false,true
u01213,false,false
u01214,false,true
u01215,true,false
u01216,false,true
u01217,true,false
u01218,false,true
u01219,false,true
u01220,false,false
u01221,false,true
u01222,true,false
u01223,true,false
u01224,false,true
u01225,false,true
u01226,false,false
u01227,false,false
u01228,false,false
u01229,false,false
u01230,true,true
u01231,false,true
u01232,false,true
u01233,false,false
u01234,false,false
u01235,false,true
u01236,false,true
u01237,false,true
u01238,false,true
u01239,false,true
u01240,true,true
u01241,false,true
u01242,true,false
u01243,false,true
u01244,false,true
u01245,false,true
u01246,false,false
u01247,false,true
u01248,false,true
u01249,false,true
u01250,false,true
u01251,true,false
u01252,false,false
u01253,true,false
u01254,true,true
u01255,true,true
u01256,false,true
u01257,false,false
u01258,false,true
u01259,true,true
u01260,false,true
u01261,false,false
u01262,false,false
u01263,false,false
u01264,true,true
u01265,false,true
u01266,false,true
u01267,false,true
u01268,false,true
u01269,false,true
u01270,false,true
u01271,false,true
u01272,false,true
u01273,false,false
u01274,false,true
u01275,true,true
u01276,false,true
u01277,false,true
u01278,false,false
u01279,false,true
u01280,false,false
u01281,false,false
u01282,false,false
u01283,false,true
u01284,true,true
u01285,false,true
u01286,false,false
u01287,false,true
u01288,false,true
u01289,false,false
u01290,false,false
u01291,false,false
u01292,false,true
u01293,false,true
u01294,false,true
u01295,false,false
u01296,false,false
u01297,true,false
u01298,false,false
u01299,false,true
u01300,false,true
u01301,false,true
u01302,true,false
u01303,false,true
u01304,false,false
u01305,true,false
u01306,true,false
u01307,false,false
u01308,false,true
u01309,false,true
u01310,false,true
u01311,true,true
u01312,true,true
u01313,false,false
u01314,true,true
u01315,false,false
u01316,false,false
u01317,false,false
u01318,true,true
u01319,true,false
u01320,true,true
u01321,false,false
u01322,false,true
u01323,false,true
u01324,false,false
u01325,false,true
u01326,false,false
u01327,false,true
u01328,false,true
u01329,true,false
u01330,false,false
u01331,false,false
u01332,false,true
u01333,false,false
u01334,false,false
u01335,false,false
u01336,true,true
u01337,false,false
u01338,false,true
u01339,false,true
u01340,false,true
u01341,false,true
u01342,false,true
u01343,true,false
u01344,false,false
u01345,true,true
u01346,false,true
u01347,false,true
u01348,false,true
u01349,false,true
u01350,false,true
u01351,false,false
u01352,false,false
u01353,false,false
u01354,true,true
u01355,false,true
u01356,false,true
u01357,true,true
u01358,false,true
u01359,true,false
u01360,false,true
u01361,false,false
u01362,false,true
u01363,false,false
u01364,false,true
u01365,false,true
u01366,false,true
u01367,false,true
u01368,false,false
u01369,false,true
u01370,false,true
u01371,false,false
u01372,true,true
u01373,false,false
u01374,false,true
u01375,false,false
u01376,false,true
u01377,false,false
u01378,false,false
u01379,false,true
u01380,false,true
u01381,false,true
u01382,false,false
u01383,false,false
u01384,false,true
u01385,true,true
u01386,false,false
u01387,false,false
u01388,false,false
u01389,false,true
u01390,false,true
u01391,false,false
u01392,false,true
u01393,false,false
u01394,false,false
u01395,false,true
u01396,true,false
u01397,false,true
u01398,false,true
u01399,false,true
u01400,false,false
u01401,false,false
u01402,false,false
u01403,false,true
u01404,false,false
u01405,false,true
u01406,false,false
u01407,true,true
u01408,true,true
u01409,false,false
u01410,false,true
u01411,false,false
u01412,false,true
u01413,false,true
u01414,false,true
u01415,false,true
u01416,false,true
u01417,true,false
u01418,true,true
u01419,true,false
u01420,false,false
u01421,false,true
u01422,false,false
u01423,true,false
u01424,true,false
u01425,true,true
u01426,true,true
u01427,false,false
u01428,true,false
u01429,false,false
u01430,false,false
u01431,false,false
u01432,true,true
u01433,false,true
u01434,true,true
u01435,false,true
u01436,false,false
u01437,true,true
u01438,true,true
u01439,false,true
u01440,false,true
u01441,false,false
u01442,false,true
u01443,true,false
u01444,false,false
u01445,false,true
u01446,false,true
u01447,false,true
u01448,false,false
u01449,false,false
u01450,false,false
u01451,false,false
u01452,false,false
u01453,false,true
u01454,false,true
u01455,false,false
u01456,false,true
u01457,false,false
u01458,false,false
u01459,false,true
u01460,false,false
u01461,false,false
u01462,true,true
u01463,false,true
u01464,false,false
u01465,false,true
u01466,true,false
u01467,false,true
u01468,false,true
u01469,true,false
u01470,true,true
u01471,false,true
u01472,false,true
u01473,false,true
u01474,false,false
u01475,false,true
u01476,true,false
u01477,false,false
u01478,false,true
u01479,false,true
u01480,false,false
u01481,true,false
u01482,false,false
u01483,false,false
u01484,false,false
u01485,false,false
u01486,false,true
u01487,false,false
u01488,false,false
u01489,false,true
u01490,true,true
u01491,false,true
u01492,true,false
u01493,false,true
u01494,true,true
u01495,true,false
u01496,false,true
u01497,false,false
u01498,false,false
u01499,false,true
u01500,true,true
u01501,true,false
u01502,false,false
u01503,true,false
u01504,false,false
u01505,true,false
u01506,false,false
u01507,false,true
u01508,true,true
u01509,true,true
u01510,true,false
u01511,true,false
u01512,true,false
u01513,false,false
u01514,true,true
u01515,true,false
u01516,false,true
u01517,true,true
u01518,true,false
u01519,true,false
u01520,false,false
u01521,false,true
u01522,true,false
u01523,false,false
u01524,false,false
u01525,true,false
u01526,false,true
u01527,false,true
u01528,false,false
u01529,false,false
u01530,true,true
u01531,true,false
u01532,true,true
u01533,true,false
u01534,false,false
u01535,false,true
u01536,true,false
u01537,true,false
u01538,true,false
u01539,true,true
u01540,true,false
u01541,false,false
u01542,true,false
u01543,false,false
u01544,true,false
u01545,false,true
u01546,true,false
u01547,false,false
u01548,true,false
u01549,false,false
u01550,true,true
u01551,true,true
u01552,true,true
u01553,true,true
u01554,true,true
u01555,false,false
u01556,false,true
u01557,true,true
u01558,false,false
u01559,true,true
u01560,true,false
u01561,true,false
u01562,false,false
u01563,false,true
u01564,false,false
u01565,false,false
u01566,true,false
u01567,false,false
u01568,true,false
u01569,false,true
u01570,true,false
u01571,false,false
u01572,true,true
u01573,true,true
u01574,false,false
u01575,true,true
u01576,true,true
u01577,false,true
u01578,false,true
u01579,false,false
u01580,true,true
u01581,false,false
u01582,true,false
u01583,true,false
u01584,false,false
u01585,false,true
u01586,true,false
u01587,true,false
u01588,true,false
u01589,true,false
u01590,false,true
u01591,false,false
u01592,true,false
u01593,false,false
u01594,true,true
u01595,false,true
u01596,false,true
u01597,true,false
u01598,true,false
u01599,true,true
u01600,true,false
u01601,false,false
u01602,false,true
u01603,false,false
u01604,false,true
u01605,true,false
u01606,false,false
u01607,false,true
u01608,true,true
u01609,false,false
u01610,false,true
u01611,true,true
u01612,true,false
u01613,true,false
u01614,true,true
u01615,false,false
u01616,true,true
u01617,true,false
u01618,true,true
u01619,true,false
u01620,false,true
u01621,true,true
u01622,true,false
u01623,true,false
u01624,true,false
u01625,true,true
u01626,true,true
u01627,true,false
u01628,true,false
u01629,false,false
u01630,true,false
u01631,true,false
u01632,false,false
u01633,true,true
u01634,true,false
u01635,true,false
u01636,true,false
u01637,true,false
u01638,true,false
u01639,false,false
u01640,false,true
u01641,true,false
u01642,true,false
u01643,false,true
u01644,false,true
u01645,true,false
u01646,false,true
u01647,true,true
u01648,true,false
u01649,false,false
u01650,false,false
u01651,true,false
u01652,false,true
u01653,true,true
u01654,true,false
u01655,false,true
u01656,true,true
u01657,true,false
u01658,false,false
u01659,true,true
u01660,false,true
u01661,false,false
u01662,false,true
u01663,true,true
u01664,true,true
u01665,true,true
u01666,true,false
u01667,true,false
u01668,true,false
u01669,true,false
u01670,true,false
u01671,false,false
u01672,false,false
u01673,true,false
u01674,true,true
u01675,true,false
u01676,false,false
u01677,true,false
u01678,true,true
u01679,false,false
u01680,false,true
u01681,true,false
u01682,true,true
u01683,false,true
u01684,true,false
u01685,false,false
u01686,true,false
u01687,false,false
u01688,true,true
u01689,true,false
u01690,true,true
u01691,true,true
u01692,true,false
u01693,true,true
u01694,true,false
u01695,true,true
u01696,true,true
u01697,true,true
u01698,true,true
u01699,true,false
u01700,true,false
u01701,false,true
u01702,true,false
u01703,false,false
u01704,false,false
u01705,true,false
u01706,true,true
u01707,false,false
u01708,true,false
u01709,true,false
u01710,true,false
u01711,true,false
u01712,true,false
u01713,true,false
u01714,false,true
u01715,true,false
u01716,false,false
u01717,true,false
u01718,false,false
u01719,true,false
u01720,false,false
u01721,true,false
u01722,true,false
u01723,true,false
u01724,true,false
u01725,false,false
u01726,false,true
u01727,false,true
u01728,true,false
u01729,false,false
u01730,true,true
u01731,false,false
u01732,false,true
u01733,true,true
u01734,true,true
u01735,false,false
u01736,true,false
u01737,true,false
u01738,false,true
u01739,true,true
u01740,true,true
u01741,false,true
u01742,true,false
u01743,false,false
u01744,true,false
u01745,false,true
u01746,true,true
u01747,true,true
u01748,true,true
u01749,true,false
u01750,false,true
u01751,true,true
u01752,false,false
u01753,false,false
u01754,false,false
u01755,true,false
u01756,true,false
u01757,false,false
u01758,true,true
u01759,true,false
u01760,false,true
u01761,true,false
u01762,true,true
u01763,true,false
u01764,false,true
u01765,false,false
u01766,false,true
u01767,true,false
u01768,true,true
u01769,false,true
u01770,true,true
u01771,true,false
u01772,false,false
u01773,false,false
u01774,true,true
u01775,false,true
u01776,true,false
u01777,true,true
u01778,false,true
u01779,true,true
u01780,false,false
u01781,true,true
u01782,false,false
u01783,false,true
u01784,true,false
u01785,false,true
u01786,false,true
u01787,false,false
u01788,false,false
u01789,true,false
u01790,true,false
u01791,true,false
u01792,false,false
u01793,false,true
u01794,true,true
u01795,true,true
u01796,true,false
u01797,false,false
u01798,false,true
u01799,true,false
u01800,false,true
u01801,false,false
u01802,false,false
u01803,true,true
u01804,false,true
u01805,false,false
u01806,true,true
u01807,true,true
u01808,true,false
u01809,true,true
u01810,true,false
u01811,false,true
u01812,false,false
u01813,true,false
u01814,false,true
u01815,true,true
u01816,true,false
u01817,true,false
u01818,true,true
u01819,true,true
u01820,true,true
u01821,true,true
u01822,false,true
u01823,false,true
u01824,false,false
u01825,true,false
u01826,false,true
u01827,false,false
u01828,true,true
u01829,false,true
u01830,true,true
u01831,true,false
u01832,false,false
u01833,true,true
u01834,true,true
u01835,false,true
u01836,true,true
u01837,true,false
u01838,true,false
u01839,true,true
u01840,false,false
u01841,true,true
u01842,true,true
u01843,true,true
u01844,true,false
u01845,true,false
u01846,true,false
u01847,false,true
u01848,false,false
u01849,false,false
u01850,false,false
u01851,false,false
u01852,false,false
u01853,true,true
u01854,false,false
u01855,false,true
u01856,false,false
u01857,true,false
u01858,false,true
u01859,false,true
u01860,true,true
u01861,true,true
u01862,false,true
u01863,true,false
u01864,false,false
u01865,true,true
u01866,false,false
u01867,true,false
u01868,true,true
u01869,true,true
u01870,false,true
u01871,false,false
u01872,false,false
u01873,true,false
u01874,true,false
u01875,true,true
u01876,true,false
u01877,true,false
u01878,true,true
u01879,false,true
u01880,true,true
u01881,false,false
u01882,false,true
u01883,false,true
u01884,true,true
u01885,false,false
u01886,false,false
u01887,true,true
u01888,true,true
u01889,true,true
u01890,true,false
u01891,true,false
u01892,false,false
u01893,true,true
u01894,false,true
u01895,true,true
u01896,false,true
u01897,true,false
u01898,false,true
u01899,true,false
u01900,true,true
u01901,false,true
u01902,true,true
u01903,false,true
u01904,false,false
u01905,false,false
u01906,false,false
u01907,true,false
u01908,true,false
u01909,true,true
u01910,true,true
u01911,true,true
u01912,true,true
u01913,true,true
u01914,true,true
u01915,false,false
u01916,false,false
u01917,true,false
u01918,false,true
u01919,true,true
u01920,true,true
u01921,true,false
u01922,true,true
u01923,false,false
u01924,true,false
u01925,true,false
u01926,false,false
u01927,true,true
u01928,true,false
u01929,true,false
u01930,true,false
u01931,true,false
u01932,true,true
u01933,true,false
u01934,false,false
u01935,false,true
u01936,false,true
u01937,false,true
u01938,false,true
u01939,true,true
u01940,false,true
u01941,false,true
u01942,true,false
u01943,true,true
u01944,true,true
u01945,true,false
u01946,true,false
u01947,false,false
u01948,false,false
u01949,true,false
u01950,false,true
u01951,false,true
u01952,true,false
u01953,false,true
u01954,false,false
u01955,true,true
u01956,true,false
u01957,true,false
u01958,false,false
u01959,false,false
u01960,true,false
u01961,true,true
u01962,false,true
u01963,true,true
u01964,false,false
u01965,false,true
u01966,false,false
u01967,true,true
u01968,true,false
u01969,true,false
u01970,true,false
u01971,false,true
u01972,false,true
u01973,true,true
u01974,true,true
u01975,true,false
u01976,true,true
u01977,true,true
u01978,false,false
u01979,false,true
u01980,true,false
u01981,true,true
u01982,true,false
u01983,false,false
u01984,true,false
u01985,true,true
u01986,true,false
u01987,true,true
u01988,true,true
u01989,true,true
u01990,true,false
u01991,true,false
u01992,false,true
u01993,false,false
u01994,false,false
u01995,false,true
u01996,true,false
u01997,false,false
u01998,false,true
u01999,false,false
u02000,false,true
u02001,true,true
u02002,false,false
u02003,true,false
u02004,false,true
u02005,false,true
u02006,true,true
u02007,false,false
u02008,true,true
u02009,true,false
u02010,false,false
u02011,true,true
u02012,false,true
u02013,true,false
u02014,false,false
u02015,false,true
u02016,false,true
u02017,false,true
u02018,false,true
u02019,false,false
u02020,true,false
u02021,false,true
u02022,true,true
u02023,false,false
u02024,true,true
u02025,false,false
u02026,false,true
u02027,false,false
u02028,false,true
u02029,false,false
u02030,false,false
u02031,true,false
u02032,true,false
u02033,true,true
u02034,true,false
u02035,true,true
u02036,false,false
u02037,false,true
u02038,true,true
u02039,false,true
u02040,false,true
u02041,false,false
u02042,false,true
u02043,false,false
u02044,true,true
u02045,false,false
u02046,true,false
u02047,true,true
u02048,false,true
u02049,true,true
u02050,true,true
u02051,false,true
u02052,true,false
u02053,false,false
u02054,false,true
u02055,false,false
u02056,false,true
u02057,false,true
u02058,false,false
u02059,true,false
u02060,false,false
u02061,true,false
u02062,true,true
u02063,false,true
u02064,true,false
u02065,false,true
u02066,false,true
u02067,true,true
u02068,true,false
u02069,false,true
u02070,false,false
u02071,false,false
u02072,false,true
u02073,true,false
u02074,true,false
u02075,false,false
u02076,true,true
u02077,true,true
u02078,true,true
u02079,false,false
u02080,false,false
u02081,true,true
u02082,false,false
u02083,false,true
u02084,false,false
u02085,true,false
u02086,false,false
u02087,true,false
u02088,false,true
u02089,true,false
u02090,false,false
u02091,true,true
u02092,false,true
u02093,true,false
u02094,true,true
u02095,true,true
u02096,true,true
u02097,false,true
u02098,true,true
u02099,true,true
u02100,true,false
u02101,true,false
u02102,false,false
u02103,false,false
u02104,true,true
u02105,false,true
u02106,false,true
u02107,true,true
u02108,false,true
u02109,false,true
u02110,true,true
u02111,true,false
u02112,false,false
u02113,false,true
u02114,false,false
u02115,false,true
u02116,false,false
u02117,true,false
u02118,true,true
u02119,false,false
u02120,false,false
u02121,true,true
u02122,false,true
u02123,true,true
u02124,true,true
u02125,false,true
u02126,true,false
u02127,false,false
u02128,false,true
u02129,false,true
u02130,true,false
u02131,false,true
u02132,true,true
u02133,false,false
u02134,true,true
u02135,true,true
u02136,true,true
u02137,true,true
u02138,true,false
u02139,true,false
u02140,false,true
u02141,false,true
u02142,true,true
u02143,false,true
u02144,true,false
u02145,false,true
u02146,true,false
u02147,false,true
u02148,true,true
u02149,false,false
u02150,false,true
u02151,false,false
u02152,true,false
u02153,true,false
u02154,false,false
u02155,false,false
u02156,true,false
u02157,false,true
u02158,true,false
u02159,false,true
u02160,false,false
u02161,true,true
u02162,true,true
u02163,false,false
u02164,true,true
u02165,true,true
u02166,true,false
u02167,true,true
u02168,false,true
u02169,true,false
u02170,false,false
u02171,true,false
u02172,false,false
u02173,false,false
u02174,true,false
u02175,false,false
u02176,true,false
u02177,true,true
u02178,false,true
u02179,true,false
u02180,false,true
u02181,true,true
u02182,false,true
u02183,false,true
u02184,false,true
u02185,true,false
u02186,true,false
u02187,true,true
u02188,false,true
u02189,true,true
u02190,true,true
u02191,false,false
u02192,false,true
u02193,true,true
u02194,false,true
u02195,false,false
u02196,false,true
u02197,false,false
u02198,false,true
u02199,true,false
u02200,true,false
u02201,true,true
u02202,false,false
u02203,true,true
u02204,false,false
u02205,true,true
u02206,false,false
u02207,false,false
u02208,true,false
u02209,false,true
u02210,false,true
u02211,false,false
u02212,true,false
u02213,true,false
u02214,false,false
u02215,true,false
u02216,true,false
u02217,true,false
u02218,true,true
u02219,false,false
u02220,false,false
u02221,true,true
u02222,false,false
u02223,true,false
u02224,false,false
u02225,true,true
u02226,false,false
u02227,true,true
u02228,false,false
u02229,false,true
u02230,false,true
u02231,false,true
u02232,true,true
u02233,true,true
u02234,false,false
u02235,false,true
u02236,false,true
u02237,false,true
u02238,true,true
u02239,false,true
u02240,false,true
u02241,true,false
u02242,true,false
u02243,true,true
u02244,true,true
u02245,true,true
u02246,true,true
u02247,true,false
u02248,true,false
u02249,true,true
u02250,false,false
u02251,true,false
u02252,true,true
u02253,false,false
u02254,true,false
u02255,false,false
u02256,false,true
u02257,true,false
u02258,true,true
u02259,true,false
u02260,false,true
u02261,false,true
u02262,true,true
u02263,true,false
u02264,false,true
u02265,false,false
u02266,true,true
u02267,true,false
u02268,false,false
u02269,true,false
u02270,true,false
u02271,false,false
u02272,false,false
u02273,false,false
u02274,true,false
u02275,true,false
u02276,false,true
u02277,false,true
u02278,false,false
u02279,false,false
u02280,true,true
u02281,false,false
u02282,true,true
u02283,true,true
u02284,false,false
u02285,true,false
u02286,true,true
u02287,false,true
u02288,false,false
u02289,true,false
u02290,true,false
u02291,true,false
u02292,true,false
u02293,true,true
u02294,true,true
u02295,false,true
u02296,true,false
u02297,false,true
u02298,false,true
u02299,true,true
u02300,false,true
u02301,true,true
u02302,true,true
u02303,true,true
u02304,true,false
u02305,false,true
u02306,true,false
u02307,false,true
u02308,false,true
u02309,false,true
u02310,false,true
u02311,true,false
u02312,false,true
u02313,false,true
u02314,false,true
u02315,false,true
u02316,true,true
u02317,true,true
u02318,true,true
u02319,false,true
u02320,true,false
u02321,false,true
u02322,false,true
u02323,true,true
u02324,true,true
u02325,true,true
u02326,false,true
u02327,true,true
u02328,true,false
u02329,false,false
u02330,false,false
u02331,false,true
u02332,true,true
u02333,false,true
u02334,false,true
u02335,false,false
u02336,true,true
u02337,false,true
u02338,true,true
u02339,false,true
u02340,false,true
u02341,false,false
u02342,false,true
u02343,false,false
u02344,false,true
u02345,false,false
u02346,true,false
u02347,false,false
u02348,true,false
u02349,false,true
u02350,false,false
u02351,true,false
u02352,false,true
u02353,true,true
u02354,true,false
u02355,true,true
u02356,false,false
u02357,false,false
u02358,true,false
u02359,false,true
u02360,true,true
u02361,false,true
u02362,true,false
u02363,true,false
u02364,true,false
u02365,false,true
u02366,true,true
u02367,true,false
u02368,false,true
u02369,true,true
u02370,false,true
u02371,false,true
u02372,true,false
u02373,false,false
u02374,false,false
u02375,false,false
u02376,false,true
u02377,false,true
u02378,false,false
u02379,false,true
u02380,false,true
u02381,false,false
u02382,true,true
u02383,false,true
u02384,true,true
u02385,true,false
u02386,true,false
u02387,true,true
u02388,true,true
u02389,true,true
u02390,false,false
u02391,false,true
u02392,true,false
u02393,true,true
u02394,false,false
u02395,true,false
u02396,true,false
u02397,false,true
u02398,true,true
u02399,true,false
u02400,false,true
