user_id,event_date
user_032,2026-01-27
user_144,2026-01-27
user_144,2026-01-28
user_123,2026-01-29
user_144,2026-01-29
user_028,2026-01-30
user_032,2026-01-30
user_123,2026-01-30
user_144,2026-01-30
user_028,2026-01-31
user_123,2026-01-31
user_028,2026-02-01
user_123,2026-02-01
user_172,2026-02-01
user_032,2026-02-02
user_097,2026-02-02
user_123,2026-02-02
user_125,2026-02-02
user_028,2026-02-03
user_034,2026-02-03
user_050,2026-02-03
user_125,2026-02-03
user_032,2026-02-04
user_058,2026-02-04
user_097,2026-02-04
user_117,2026-02-04
user_125,2026-02-04
user_149,2026-02-04
user_172,2026-02-04
user_190,2026-02-04
user_032,2026-02-05
user_079,2026-02-05
user_085,2026-02-05
user_117,2026-02-05
user_149,2026-02-05
user_190,2026-02-05
user_058,2026-02-06
user_079,2026-02-06
user_085,2026-02-06
user_117,2026-02-06
user_123,2026-02-06
user_149,2026-02-06
user_190,2026-02-06
user_028,2026-02-07
user_058,2026-02-07
user_079,2026-02-07
user_085,2026-02-07
user_117,2026-02-07
user_149,2026-02-07
user_172,2026-02-07
user_177,2026-02-07
user_190,2026-02-07
user_028,2026-02-08
user_051,2026-02-08
user_058,2026-02-08
user_080,2026-02-08
user_117,2026-02-08
user_123,2026-02-08
user_125,2026-02-08
user_149,2026-02-08
user_172,2026-02-08
user_177,2026-02-08
user_182,2026-02-08
user_190,2026-02-08
user_028,2026-02-09
user_058,2026-02-09
user_117,2026-02-09
user_172,2026-02-09
user_178,2026-02-09
user_182,2026-02-09
user_190,2026-02-09
user_028,2026-02-10
user_051,2026-02-10
user_058,2026-02-10
user_085,2026-02-10
user_117,2026-02-10
user_123,2026-02-10
user_149,2026-02-10
user_168,2026-02-10
user_172,2026-02-10
user_178,2026-02-10
user_190,2026-02-10
user_058,2026-02-11
user_085,2026-02-11
user_097,2026-02-11
user_098,2026-02-11
user_117,2026-02-11
user_123,2026-02-11
user_149,2026-02-11
user_170,2026-02-11
user_172,2026-02-11
user_178,2026-02-11
user_182,2026-02-11
user_190,2026-02-11
user_028,2026-02-12
user_042,2026-02-12
user_058,2026-02-12
user_079,2026-02-12
user_080,2026-02-12
user_085,2026-02-12
user_090,2026-02-12
user_107,2026-02-12
user_115,2026-02-12
user_117,2026-02-12
user_149,2026-02-12
user_170,2026-02-12
user_178,2026-02-12
user_182,2026-02-12
user_190,2026-02-12
user_079,2026-02-13
user_085,2026-02-13
user_090,2026-02-13
user_098,2026-02-13
user_117,2026-02-13
user_123,2026-02-13
user_125,2026-02-13
user_149,2026-02-13
user_170,2026-02-13
user_178,2026-02-13
user_182,2026-02-13
user_190,2026-02-13
user_058,2026-02-14
user_079,2026-02-14
user_085,2026-02-14
user_088,2026-02-14
user_090,2026-02-14
user_097,2026-02-14
user_098,2026-02-14
user_115,2026-02-14
user_117,2026-02-14
user_123,2026-02-14
user_125,2026-02-14
user_149,2026-02-14
user_170,2026-02-14
user_172,2026-02-14
user_178,2026-02-14
user_182,2026-02-14
user_190,2026-02-14
user_024,2026-02-15
user_058,2026-02-15
user_079,2026-02-15
user_085,2026-02-15
user_088,2026-02-15
user_098,2026-02-15
user_117,2026-02-15
user_123,2026-02-15
user_144,2026-02-15
user_149,2026-02-15
user_168,2026-02-15
user_172,2026-02-15
user_178,2026-02-15
user_180,2026-02-15
user_182,2026-02-15
user_190,2026-02-15
user_028,2026-02-16
user_058,2026-02-16
user_079,2026-02-16
user_080,2026-02-16
user_085,2026-02-16
user_088,2026-02-16
user_090,2026-02-16
user_097,2026-02-16
user_098,2026-02-16
user_117,2026-02-16
user_123,2026-02-16
user_144,2026-02-16
user_149,2026-02-16
user_170,2026-02-16
user_172,2026-02-16
user_178,2026-02-16
user_182,2026-02-16
user_190,2026-02-16
user_024,2026-02-17
user_028,2026-02-17
user_032,2026-02-17
user_034,2026-02-17
user_058,2026-02-17
user_059,2026-02-17
user_079,2026-02-17
user_083,2026-02-17
user_088,2026-02-17
user_097,2026-02-17
user_117,2026-02-17
user_123,2026-02-17
user_125,2026-02-17
user_149,2026-02-17
user_172,2026-02-17
user_182,2026-02-17
user_190,2026-02-17
user_024,2026-02-18
user_042,2026-02-18
user_051,2026-02-18
user_059,2026-02-18
user_079,2026-02-18
user_085,2026-02-18
user_088,2026-02-18
user_090,2026-02-18
user_093,2026-02-18
user_098,2026-02-18
user_115,2026-02-18
user_117,2026-02-18
user_125,2026-02-18
user_131,2026-02-18
user_144,2026-02-18
user_149,2026-02-18
user_170,2026-02-18
user_172,2026-02-18
user_177,2026-02-18
user_178,2026-02-18
user_182,2026-02-18
user_190,2026-02-18
user_024,2026-02-19
user_058,2026-02-19
user_059,2026-02-19
user_083,2026-02-19
user_085,2026-02-19
user_088,2026-02-19
user_090,2026-02-19
user_093,2026-02-19
user_098,2026-02-19
user_107,2026-02-19
user_125,2026-02-19
user_131,2026-02-19
user_149,2026-02-19
user_170,2026-02-19
user_178,2026-02-19
user_180,2026-02-19
user_182,2026-02-19
user_190,2026-02-19
user_024,2026-02-20
user_032,2026-02-20
user_042,2026-02-20
user_046,2026-02-20
user_058,2026-02-20
user_059,2026-02-20
user_077,2026-02-20
user_079,2026-02-20
user_080,2026-02-20
user_083,2026-02-20
user_090,2026-02-20
user_093,2026-02-20
user_107,2026-02-20
user_117,2026-02-20
user_125,2026-02-20
user_131,2026-02-20
user_144,2026-02-20
user_149,2026-02-20
user_170,2026-02-20
user_177,2026-02-20
user_178,2026-02-20
user_180,2026-02-20
user_182,2026-02-20
user_190,2026-02-20
user_197,2026-02-20
user_029,2026-02-21
user_042,2026-02-21
user_058,2026-02-21
user_059,2026-02-21
user_085,2026-02-21
user_088,2026-02-21
user_090,2026-02-21
user_093,2026-02-21
user_097,2026-02-21
user_107,2026-02-21
user_117,2026-02-21
user_123,2026-02-21
user_131,2026-02-21
user_142,2026-02-21
user_168,2026-02-21
user_170,2026-02-21
user_172,2026-02-21
user_178,2026-02-21
user_182,2026-02-21
user_190,2026-02-21
user_197,2026-02-21
user_021,2026-02-22
user_024,2026-02-22
user_035,2026-02-22
user_059,2026-02-22
user_083,2026-02-22
user_085,2026-02-22
user_088,2026-02-22
user_093,2026-02-22
user_098,2026-02-22
user_100,2026-02-22
user_117,2026-02-22
user_123,2026-02-22
user_144,2026-02-22
user_178,2026-02-22
user_182,2026-02-22
user_190,2026-02-22
user_024,2026-02-23
user_025,2026-02-23
user_028,2026-02-23
user_034,2026-02-23
user_058,2026-02-23
user_059,2026-02-23
user_072,2026-02-23
user_079,2026-02-23
user_083,2026-02-23
user_088,2026-02-23
user_090,2026-02-23
user_093,2026-02-23
user_097,2026-02-23
user_107,2026-02-23
user_117,2026-02-23
user_123,2026-02-23
user_125,2026-02-23
user_131,2026-02-23
user_142,2026-02-23
user_149,2026-02-23
user_178,2026-02-23
user_182,2026-02-23
user_187,2026-02-23
user_190,2026-02-23
user_024,2026-02-24
user_058,2026-02-24
user_059,2026-02-24
user_079,2026-02-24
user_088,2026-02-24
user_093,2026-02-24
user_100,2026-02-24
user_107,2026-02-24
user_117,2026-02-24
user_123,2026-02-24
user_125,2026-02-24
user_131,2026-02-24
user_142,2026-02-24
user_149,2026-02-24
user_158,2026-02-24
user_170,2026-02-24
user_187,2026-02-24
user_190,2026-02-24
user_197,2026-02-24
user_024,2026-02-25
user_028,2026-02-25
user_042,2026-02-25
user_058,2026-02-25
user_072,2026-02-25
user_085,2026-02-25
user_088,2026-02-25
user_090,2026-02-25
user_093,2026-02-25
user_100,2026-02-25
user_107,2026-02-25
user_123,2026-02-25
user_125,2026-02-25
user_144,2026-02-25
user_158,2026-02-25
user_172,2026-02-25
user_177,2026-02-25
user_178,2026-02-25
user_180,2026-02-25
user_182,2026-02-25
user_187,2026-02-25
user_190,2026-02-25
user_021,2026-02-26
user_042,2026-02-26
user_045,2026-02-26
user_058,2026-02-26
user_072,2026-02-26
user_085,2026-02-26
user_088,2026-02-26
user_090,2026-02-26
user_091,2026-02-26
user_097,2026-02-26
user_115,2026-02-26
user_117,2026-02-26
user_123,2026-02-26
user_125,2026-02-26
user_131,2026-02-26
user_144,2026-02-26
user_149,2026-02-26
user_158,2026-02-26
user_172,2026-02-26
user_182,2026-02-26
user_187,2026-02-26
user_190,2026-02-26
user_021,2026-02-27
user_024,2026-02-27
user_029,2026-02-27
user_035,2026-02-27
user_042,2026-02-27
user_058,2026-02-27
user_059,2026-02-27
user_072,2026-02-27
user_077,2026-02-27
user_079,2026-02-27
user_083,2026-02-27
user_085,2026-02-27
user_088,2026-02-27
user_090,2026-02-27
user_093,2026-02-27
user_098,2026-02-27
user_107,2026-02-27
user_117,2026-02-27
user_125,2026-02-27
user_131,2026-02-27
user_149,2026-02-27
user_158,2026-02-27
user_178,2026-02-27
user_182,2026-02-27
user_187,2026-02-27
user_024,2026-02-28
user_025,2026-02-28
user_028,2026-02-28
user_029,2026-02-28
user_042,2026-02-28
user_045,2026-02-28
user_053,2026-02-28
user_058,2026-02-28
user_072,2026-02-28
user_077,2026-02-28
user_079,2026-02-28
user_085,2026-02-28
user_087,2026-02-28
user_088,2026-02-28
user_090,2026-02-28
user_093,2026-02-28
user_097,2026-02-28
user_098,2026-02-28
user_100,2026-02-28
user_107,2026-02-28
user_117,2026-02-28
user_123,2026-02-28
user_131,2026-02-28
user_149,2026-02-28
user_158,2026-02-28
user_168,2026-02-28
user_170,2026-02-28
user_172,2026-02-28
user_178,2026-02-28
user_182,2026-02-28
user_190,2026-02-28
user_197,2026-02-28
user_024,2026-03-01
user_028,2026-03-01
user_042,2026-03-01
user_045,2026-03-01
user_049,2026-03-01
user_053,2026-03-01
user_058,2026-03-01
user_061,2026-03-01
user_072,2026-03-01
user_077,2026-03-01
user_085,2026-03-01
user_087,2026-03-01
user_088,2026-03-01
user_091,2026-03-01
user_093,2026-03-01
user_100,2026-03-01
user_102,2026-03-01
user_117,2026-03-01
user_120,2026-03-01
user_123,2026-03-01
user_149,2026-03-01
user_158,2026-03-01
user_170,2026-03-01
user_178,2026-03-01
user_180,2026-03-01
user_182,2026-03-01
user_187,2026-03-01
user_190,2026-03-01
user_197,2026-03-01
user_024,2026-03-02
user_028,2026-03-02
user_035,2026-03-02
user_042,2026-03-02
user_049,2026-03-02
user_053,2026-03-02
user_059,2026-03-02
user_072,2026-03-02
user_077,2026-03-02
user_080,2026-03-02
user_083,2026-03-02
user_085,2026-03-02
user_087,2026-03-02
user_090,2026-03-02
user_093,2026-03-02
user_097,2026-03-02
user_102,2026-03-02
user_107,2026-03-02
user_115,2026-03-02
user_117,2026-03-02
user_123,2026-03-02
user_125,2026-03-02
user_149,2026-03-02
user_168,2026-03-02
user_172,2026-03-02
user_177,2026-03-02
user_178,2026-03-02
user_182,2026-03-02
user_190,2026-03-02
user_024,2026-03-03
user_042,2026-03-03
user_045,2026-03-03
user_049,2026-03-03
user_053,2026-03-03
user_058,2026-03-03
user_059,2026-03-03
user_072,2026-03-03
user_077,2026-03-03
user_079,2026-03-03
user_080,2026-03-03
user_085,2026-03-03
user_087,2026-03-03
user_088,2026-03-03
user_090,2026-03-03
user_093,2026-03-03
user_102,2026-03-03
user_117,2026-03-03
user_123,2026-03-03
user_141,2026-03-03
user_149,2026-03-03
user_158,2026-03-03
user_178,2026-03-03
user_180,2026-03-03
user_182,2026-03-03
user_187,2026-03-03
user_190,2026-03-03
user_197,2026-03-03
user_028,2026-03-04
user_034,2026-03-04
user_045,2026-03-04
user_049,2026-03-04
user_053,2026-03-04
user_058,2026-03-04
user_059,2026-03-04
user_077,2026-03-04
user_079,2026-03-04
user_083,2026-03-04
user_085,2026-03-04
user_087,2026-03-04
user_088,2026-03-04
user_090,2026-03-04
user_091,2026-03-04
user_093,2026-03-04
user_098,2026-03-04
user_117,2026-03-04
user_123,2026-03-04
user_131,2026-03-04
user_144,2026-03-04
user_149,2026-03-04
user_158,2026-03-04
user_170,2026-03-04
user_177,2026-03-04
user_178,2026-03-04
user_182,2026-03-04
user_187,2026-03-04
user_190,2026-03-04
user_197,2026-03-04
user_024,2026-03-05
user_028,2026-03-05
user_042,2026-03-05
user_058,2026-03-05
user_059,2026-03-05
user_061,2026-03-05
user_082,2026-03-05
user_085,2026-03-05
user_087,2026-03-05
user_088,2026-03-05
user_090,2026-03-05
user_091,2026-03-05
user_102,2026-03-05
user_117,2026-03-05
user_123,2026-03-05
user_125,2026-03-05
user_129,2026-03-05
user_142,2026-03-05
user_168,2026-03-05
user_172,2026-03-05
user_177,2026-03-05
user_178,2026-03-05
user_180,2026-03-05
user_187,2026-03-05
user_190,2026-03-05
user_024,2026-03-06
user_028,2026-03-06
user_049,2026-03-06
user_053,2026-03-06
user_072,2026-03-06
user_079,2026-03-06
user_082,2026-03-06
user_083,2026-03-06
user_085,2026-03-06
user_088,2026-03-06
user_090,2026-03-06
user_091,2026-03-06
user_093,2026-03-06
user_097,2026-03-06
user_098,2026-03-06
user_100,2026-03-06
user_102,2026-03-06
user_117,2026-03-06
user_122,2026-03-06
user_123,2026-03-06
user_129,2026-03-06
user_142,2026-03-06
user_149,2026-03-06
user_158,2026-03-06
user_170,2026-03-06
user_172,2026-03-06
user_178,2026-03-06
user_182,2026-03-06
user_187,2026-03-06
user_190,2026-03-06
user_194,2026-03-06
user_197,2026-03-06
user_024,2026-03-07
user_025,2026-03-07
user_028,2026-03-07
user_049,2026-03-07
user_053,2026-03-07
user_058,2026-03-07
user_072,2026-03-07
user_083,2026-03-07
user_085,2026-03-07
user_087,2026-03-07
user_088,2026-03-07
user_090,2026-03-07
user_093,2026-03-07
user_100,2026-03-07
user_102,2026-03-07
user_117,2026-03-07
user_123,2026-03-07
user_129,2026-03-07
user_131,2026-03-07
user_144,2026-03-07
user_145,2026-03-07
user_149,2026-03-07
user_158,2026-03-07
user_168,2026-03-07
user_178,2026-03-07
user_180,2026-03-07
user_182,2026-03-07
user_187,2026-03-07
user_190,2026-03-07
user_024,2026-03-08
user_028,2026-03-08
user_031,2026-03-08
user_035,2026-03-08
user_042,2026-03-08
user_045,2026-03-08
user_046,2026-03-08
user_058,2026-03-08
user_059,2026-03-08
user_072,2026-03-08
user_077,2026-03-08
user_079,2026-03-08
user_080,2026-03-08
user_082,2026-03-08
user_085,2026-03-08
user_087,2026-03-08
user_088,2026-03-08
user_090,2026-03-08
user_091,2026-03-08
user_093,2026-03-08
user_102,2026-03-08
user_107,2026-03-08
user_123,2026-03-08
user_131,2026-03-08
user_142,2026-03-08
user_145,2026-03-08
user_148,2026-03-08
user_149,2026-03-08
user_158,2026-03-08
user_170,2026-03-08
user_172,2026-03-08
user_177,2026-03-08
user_178,2026-03-08
user_179,2026-03-08
user_182,2026-03-08
user_190,2026-03-08
user_194,2026-03-08
user_197,2026-03-08
user_028,2026-03-09
user_029,2026-03-09
user_035,2026-03-09
user_042,2026-03-09
user_045,2026-03-09
user_053,2026-03-09
user_058,2026-03-09
user_074,2026-03-09
user_079,2026-03-09
user_081,2026-03-09
user_082,2026-03-09
user_085,2026-03-09
user_088,2026-03-09
user_090,2026-03-09
user_093,2026-03-09
user_097,2026-03-09
user_102,2026-03-09
user_117,2026-03-09
user_122,2026-03-09
user_123,2026-03-09
user_125,2026-03-09
user_129,2026-03-09
user_131,2026-03-09
user_149,2026-03-09
user_158,2026-03-09
user_177,2026-03-09
user_178,2026-03-09
user_179,2026-03-09
user_182,2026-03-09
user_187,2026-03-09
user_190,2026-03-09
user_024,2026-03-10
user_028,2026-03-10
user_034,2026-03-10
user_040,2026-03-10
user_042,2026-03-10
user_053,2026-03-10
user_058,2026-03-10
user_059,2026-03-10
user_061,2026-03-10
user_071,2026-03-10
user_072,2026-03-10
user_074,2026-03-10
user_077,2026-03-10
user_079,2026-03-10
user_082,2026-03-10
user_083,2026-03-10
user_085,2026-03-10
user_087,2026-03-10
user_088,2026-03-10
user_090,2026-03-10
user_091,2026-03-10
user_093,2026-03-10
user_097,2026-03-10
user_098,2026-03-10
user_102,2026-03-10
user_107,2026-03-10
user_117,2026-03-10
user_123,2026-03-10
user_125,2026-03-10
user_137,2026-03-10
user_144,2026-03-10
user_149,2026-03-10
user_158,2026-03-10
user_170,2026-03-10
user_179,2026-03-10
user_182,2026-03-10
user_187,2026-03-10
user_190,2026-03-10
user_024,2026-03-11
user_028,2026-03-11
user_031,2026-03-11
user_035,2026-03-11
user_045,2026-03-11
user_053,2026-03-11
user_056,2026-03-11
user_058,2026-03-11
user_071,2026-03-11
user_072,2026-03-11
user_074,2026-03-11
user_077,2026-03-11
user_079,2026-03-11
user_082,2026-03-11
user_083,2026-03-11
user_085,2026-03-11
user_088,2026-03-11
user_090,2026-03-11
user_091,2026-03-11
user_093,2026-03-11
user_094,2026-03-11
user_102,2026-03-11
user_107,2026-03-11
user_109,2026-03-11
user_117,2026-03-11
user_122,2026-03-11
user_123,2026-03-11
user_125,2026-03-11
user_131,2026-03-11
user_137,2026-03-11
user_144,2026-03-11
user_146,2026-03-11
user_149,2026-03-11
user_158,2026-03-11
user_170,2026-03-11
user_172,2026-03-11
user_177,2026-03-11
user_178,2026-03-11
user_179,2026-03-11
user_187,2026-03-11
user_190,2026-03-11
user_194,2026-03-11
user_024,2026-03-12
user_028,2026-03-12
user_035,2026-03-12
user_038,2026-03-12
user_040,2026-03-12
user_042,2026-03-12
user_045,2026-03-12
user_053,2026-03-12
user_058,2026-03-12
user_068,2026-03-12
user_071,2026-03-12
user_072,2026-03-12
user_074,2026-03-12
user_077,2026-03-12
user_080,2026-03-12
user_081,2026-03-12
user_082,2026-03-12
user_085,2026-03-12
user_087,2026-03-12
user_088,2026-03-12
user_089,2026-03-12
user_090,2026-03-12
user_093,2026-03-12
user_094,2026-03-12
user_097,2026-03-12
user_101,2026-03-12
user_102,2026-03-12
user_109,2026-03-12
user_120,2026-03-12
user_123,2026-03-12
user_125,2026-03-12
user_129,2026-03-12
user_131,2026-03-12
user_137,2026-03-12
user_144,2026-03-12
user_145,2026-03-12
user_146,2026-03-12
user_149,2026-03-12
user_158,2026-03-12
user_177,2026-03-12
user_178,2026-03-12
user_179,2026-03-12
user_182,2026-03-12
user_187,2026-03-12
user_190,2026-03-12
user_024,2026-03-13
user_025,2026-03-13
user_028,2026-03-13
user_032,2026-03-13
user_035,2026-03-13
user_042,2026-03-13
user_045,2026-03-13
user_053,2026-03-13
user_056,2026-03-13
user_058,2026-03-13
user_059,2026-03-13
user_068,2026-03-13
user_072,2026-03-13
user_074,2026-03-13
user_077,2026-03-13
user_079,2026-03-13
user_082,2026-03-13
user_085,2026-03-13
user_089,2026-03-13
user_090,2026-03-13
user_091,2026-03-13
user_093,2026-03-13
user_102,2026-03-13
user_107,2026-03-13
user_109,2026-03-13
user_117,2026-03-13
user_123,2026-03-13
user_125,2026-03-13
user_144,2026-03-13
user_146,2026-03-13
user_148,2026-03-13
user_149,2026-03-13
user_158,2026-03-13
user_170,2026-03-13
user_172,2026-03-13
user_177,2026-03-13
user_178,2026-03-13
user_179,2026-03-13
user_187,2026-03-13
user_194,2026-03-13
user_024,2026-03-14
user_028,2026-03-14
user_029,2026-03-14
user_032,2026-03-14
user_035,2026-03-14
user_040,2026-03-14
user_045,2026-03-14
user_049,2026-03-14
user_054,2026-03-14
user_056,2026-03-14
user_058,2026-03-14
user_059,2026-03-14
user_061,2026-03-14
user_072,2026-03-14
user_074,2026-03-14
user_077,2026-03-14
user_082,2026-03-14
user_085,2026-03-14
user_087,2026-03-14
user_088,2026-03-14
user_089,2026-03-14
user_093,2026-03-14
user_102,2026-03-14
user_107,2026-03-14
user_109,2026-03-14
user_117,2026-03-14
user_123,2026-03-14
user_129,2026-03-14
user_137,2026-03-14
user_142,2026-03-14
user_144,2026-03-14
user_146,2026-03-14
user_149,2026-03-14
user_158,2026-03-14
user_177,2026-03-14
user_178,2026-03-14
user_179,2026-03-14
user_182,2026-03-14
user_187,2026-03-14
user_190,2026-03-14
user_197,2026-03-14
user_023,2026-03-15
user_024,2026-03-15
user_047,2026-03-15
user_051,2026-03-15
user_054,2026-03-15
user_056,2026-03-15
user_058,2026-03-15
user_060,2026-03-15
user_071,2026-03-15
user_079,2026-03-15
user_082,2026-03-15
user_083,2026-03-15
user_085,2026-03-15
user_089,2026-03-15
user_090,2026-03-15
user_091,2026-03-15
user_093,2026-03-15
user_094,2026-03-15
user_097,2026-03-15
user_101,2026-03-15
user_102,2026-03-15
user_109,2026-03-15
user_117,2026-03-15
user_120,2026-03-15
user_125,2026-03-15
user_146,2026-03-15
user_148,2026-03-15
user_149,2026-03-15
user_154,2026-03-15
user_158,2026-03-15
user_172,2026-03-15
user_178,2026-03-15
user_179,2026-03-15
user_182,2026-03-15
user_187,2026-03-15
user_190,2026-03-15
user_191,2026-03-15
user_024,2026-03-16
user_026,2026-03-16
user_028,2026-03-16
user_040,2026-03-16
user_042,2026-03-16
user_049,2026-03-16
user_053,2026-03-16
user_054,2026-03-16
user_056,2026-03-16
user_060,2026-03-16
user_072,2026-03-16
user_074,2026-03-16
user_082,2026-03-16
user_085,2026-03-16
user_087,2026-03-16
user_088,2026-03-16
user_090,2026-03-16
user_093,2026-03-16
user_098,2026-03-16
user_102,2026-03-16
user_109,2026-03-16
user_123,2026-03-16
user_125,2026-03-16
user_142,2026-03-16
user_144,2026-03-16
user_146,2026-03-16
user_154,2026-03-16
user_158,2026-03-16
user_168,2026-03-16
user_170,2026-03-16
user_172,2026-03-16
user_178,2026-03-16
user_179,2026-03-16
user_182,2026-03-16
user_187,2026-03-16
user_021,2026-03-17
user_024,2026-03-17
user_028,2026-03-17
user_040,2026-03-17
user_042,2026-03-17
user_049,2026-03-17
user_056,2026-03-17
user_058,2026-03-17
user_059,2026-03-17
user_060,2026-03-17
user_071,2026-03-17
user_074,2026-03-17
user_082,2026-03-17
user_083,2026-03-17
user_085,2026-03-17
user_088,2026-03-17
user_089,2026-03-17
user_090,2026-03-17
user_091,2026-03-17
user_093,2026-03-17
user_094,2026-03-17
user_098,2026-03-17
user_102,2026-03-17
user_107,2026-03-17
user_109,2026-03-17
user_117,2026-03-17
user_123,2026-03-17
user_129,2026-03-17
user_131,2026-03-17
user_146,2026-03-17
user_149,2026-03-17
user_154,2026-03-17
user_158,2026-03-17
user_170,2026-03-17
user_172,2026-03-17
user_178,2026-03-17
user_179,2026-03-17
user_187,2026-03-17
user_190,2026-03-17
user_197,2026-03-17
user_021,2026-03-18
user_023,2026-03-18
user_024,2026-03-18
user_026,2026-03-18
user_028,2026-03-18
user_032,2026-03-18
user_035,2026-03-18
user_042,2026-03-18
user_045,2026-03-18
user_049,2026-03-18
user_051,2026-03-18
user_054,2026-03-18
user_056,2026-03-18
user_058,2026-03-18
user_059,2026-03-18
user_060,2026-03-18
user_071,2026-03-18
user_072,2026-03-18
user_077,2026-03-18
user_083,2026-03-18
user_087,2026-03-18
user_088,2026-03-18
user_089,2026-03-18
user_090,2026-03-18
user_093,2026-03-18
user_101,2026-03-18
user_102,2026-03-18
user_107,2026-03-18
user_117,2026-03-18
user_121,2026-03-18
user_122,2026-03-18
user_123,2026-03-18
user_125,2026-03-18
user_137,2026-03-18
user_142,2026-03-18
user_146,2026-03-18
user_149,2026-03-18
user_154,2026-03-18
user_158,2026-03-18
user_178,2026-03-18
user_179,2026-03-18
user_182,2026-03-18
user_185,2026-03-18
user_187,2026-03-18
user_190,2026-03-18
user_194,2026-03-18
user_197,2026-03-18
user_023,2026-03-19
user_024,2026-03-19
user_026,2026-03-19
user_028,2026-03-19
user_040,2026-03-19
user_042,2026-03-19
user_045,2026-03-19
user_049,2026-03-19
user_053,2026-03-19
user_054,2026-03-19
user_056,2026-03-19
user_058,2026-03-19
user_059,2026-03-19
user_060,2026-03-19
user_068,2026-03-19
user_071,2026-03-19
user_072,2026-03-19
user_079,2026-03-19
user_085,2026-03-19
user_086,2026-03-19
user_089,2026-03-19
user_090,2026-03-19
user_093,2026-03-19
user_094,2026-03-19
user_098,2026-03-19
user_102,2026-03-19
user_107,2026-03-19
user_109,2026-03-19
user_117,2026-03-19
user_121,2026-03-19
user_123,2026-03-19
user_125,2026-03-19
user_129,2026-03-19
user_131,2026-03-19
user_137,2026-03-19
user_141,2026-03-19
user_142,2026-03-19
user_146,2026-03-19
user_149,2026-03-19
user_154,2026-03-19
user_158,2026-03-19
user_178,2026-03-19
user_179,2026-03-19
user_182,2026-03-19
user_187,2026-03-19
user_195,2026-03-19
user_197,2026-03-19
user_199,2026-03-19
user_024,2026-03-20
user_025,2026-03-20
user_028,2026-03-20
user_032,2026-03-20
user_040,2026-03-20
user_042,2026-03-20
user_045,2026-03-20
user_054,2026-03-20
user_056,2026-03-20
user_058,2026-03-20
user_060,2026-03-20
user_071,2026-03-20
user_072,2026-03-20
user_074,2026-03-20
user_081,2026-03-20
user_085,2026-03-20
user_087,2026-03-20
user_088,2026-03-20
user_089,2026-03-20
user_090,2026-03-20
user_091,2026-03-20
user_093,2026-03-20
user_094,2026-03-20
user_097,2026-03-20
user_100,2026-03-20
user_101,2026-03-20
user_102,2026-03-20
user_107,2026-03-20
user_109,2026-03-20
user_117,2026-03-20
user_121,2026-03-20
user_123,2026-03-20
user_129,2026-03-20
user_131,2026-03-20
user_137,2026-03-20
user_142,2026-03-20
user_146,2026-03-20
user_149,2026-03-20
user_155,2026-03-20
user_158,2026-03-20
user_174,2026-03-20
user_180,2026-03-20
user_182,2026-03-20
user_187,2026-03-20
user_190,2026-03-20
user_199,2026-03-20
user_024,2026-03-21
user_028,2026-03-21
user_034,2026-03-21
user_038,2026-03-21
user_045,2026-03-21
user_049,2026-03-21
user_055,2026-03-21
user_056,2026-03-21
user_058,2026-03-21
user_060,2026-03-21
user_063,2026-03-21
user_071,2026-03-21
user_072,2026-03-21
user_074,2026-03-21
user_077,2026-03-21
user_079,2026-03-21
user_085,2026-03-21
user_087,2026-03-21
user_088,2026-03-21
user_090,2026-03-21
user_091,2026-03-21
user_093,2026-03-21
user_100,2026-03-21
user_109,2026-03-21
user_120,2026-03-21
user_121,2026-03-21
user_125,2026-03-21
user_143,2026-03-21
user_144,2026-03-21
user_145,2026-03-21
user_146,2026-03-21
user_149,2026-03-21
user_154,2026-03-21
user_158,2026-03-21
user_170,2026-03-21
user_172,2026-03-21
user_182,2026-03-21
user_185,2026-03-21
user_190,2026-03-21
user_191,2026-03-21
user_194,2026-03-21
user_198,2026-03-21
user_199,2026-03-21
user_024,2026-03-22
user_045,2026-03-22
user_049,2026-03-22
user_054,2026-03-22
user_055,2026-03-22
user_056,2026-03-22
user_058,2026-03-22
user_063,2026-03-22
user_068,2026-03-22
user_071,2026-03-22
user_072,2026-03-22
user_074,2026-03-22
user_082,2026-03-22
user_085,2026-03-22
user_087,2026-03-22
user_088,2026-03-22
user_089,2026-03-22
user_090,2026-03-22
user_091,2026-03-22
user_093,2026-03-22
user_094,2026-03-22
user_098,2026-03-22
user_101,2026-03-22
user_102,2026-03-22
user_109,2026-03-22
user_117,2026-03-22
user_121,2026-03-22
user_122,2026-03-22
user_123,2026-03-22
user_125,2026-03-22
user_129,2026-03-22
user_131,2026-03-22
user_142,2026-03-22
user_143,2026-03-22
user_144,2026-03-22
user_146,2026-03-22
user_148,2026-03-22
user_149,2026-03-22
user_154,2026-03-22
user_155,2026-03-22
user_158,2026-03-22
user_172,2026-03-22
user_178,2026-03-22
user_179,2026-03-22
user_180,2026-03-22
user_182,2026-03-22
user_189,2026-03-22
user_190,2026-03-22
user_195,2026-03-22
user_197,2026-03-22
user_199,2026-03-22
user_023,2026-03-23
user_024,2026-03-23
user_028,2026-03-23
user_032,2026-03-23
user_042,2026-03-23
user_045,2026-03-23
user_049,2026-03-23
user_050,2026-03-23
user_054,2026-03-23
user_055,2026-03-23
user_056,2026-03-23
user_058,2026-03-23
user_060,2026-03-23
user_061,2026-03-23
user_071,2026-03-23
user_072,2026-03-23
user_074,2026-03-23
user_077,2026-03-23
user_079,2026-03-23
user_082,2026-03-23
user_085,2026-03-23
user_087,2026-03-23
user_088,2026-03-23
user_089,2026-03-23
user_090,2026-03-23
user_093,2026-03-23
user_094,2026-03-23
user_097,2026-03-23
user_098,2026-03-23
user_101,2026-03-23
user_102,2026-03-23
user_117,2026-03-23
user_121,2026-03-23
user_123,2026-03-23
user_131,2026-03-23
user_143,2026-03-23
user_144,2026-03-23
user_146,2026-03-23
user_149,2026-03-23
user_155,2026-03-23
user_158,2026-03-23
user_170,2026-03-23
user_178,2026-03-23
user_179,2026-03-23
user_182,2026-03-23
user_187,2026-03-23
user_190,2026-03-23
user_194,2026-03-23
user_197,2026-03-23
user_199,2026-03-23
user_024,2026-03-24
user_028,2026-03-24
user_040,2026-03-24
user_045,2026-03-24
user_053,2026-03-24
user_054,2026-03-24
user_055,2026-03-24
user_056,2026-03-24
user_058,2026-03-24
user_060,2026-03-24
user_061,2026-03-24
user_071,2026-03-24
user_072,2026-03-24
user_074,2026-03-24
user_077,2026-03-24
user_079,2026-03-24
user_082,2026-03-24
user_085,2026-03-24
user_087,2026-03-24
user_088,2026-03-24
user_089,2026-03-24
user_090,2026-03-24
user_093,2026-03-24
user_098,2026-03-24
user_101,2026-03-24
user_102,2026-03-24
user_109,2026-03-24
user_117,2026-03-24
user_121,2026-03-24
user_123,2026-03-24
user_125,2026-03-24
user_129,2026-03-24
user_137,2026-03-24
user_145,2026-03-24
user_149,2026-03-24
user_161,2026-03-24
user_178,2026-03-24
user_179,2026-03-24
user_180,2026-03-24
user_182,2026-03-24
user_187,2026-03-24
user_190,2026-03-24
user_191,2026-03-24
user_195,2026-03-24
user_024,2026-03-25
user_028,2026-03-25
user_032,2026-03-25
user_035,2026-03-25
user_042,2026-03-25
user_049,2026-03-25
user_053,2026-03-25
user_054,2026-03-25
user_055,2026-03-25
user_056,2026-03-25
user_060,2026-03-25
user_071,2026-03-25
user_072,2026-03-25
user_074,2026-03-25
user_077,2026-03-25
user_079,2026-03-25
user_081,2026-03-25
user_082,2026-03-25
user_085,2026-03-25
user_088,2026-03-25
user_090,2026-03-25
user_091,2026-03-25
user_093,2026-03-25
user_097,2026-03-25
user_098,2026-03-25
user_101,2026-03-25
user_102,2026-03-25
user_109,2026-03-25
user_117,2026-03-25
user_121,2026-03-25
user_122,2026-03-25
user_123,2026-03-25
user_125,2026-03-25
user_129,2026-03-25
user_131,2026-03-25
user_133,2026-03-25
user_137,2026-03-25
user_143,2026-03-25
user_146,2026-03-25
user_155,2026-03-25
user_158,2026-03-25
user_161,2026-03-25
user_170,2026-03-25
user_172,2026-03-25
user_174,2026-03-25
user_178,2026-03-25
user_179,2026-03-25
user_180,2026-03-25
user_182,2026-03-25
user_187,2026-03-25
user_190,2026-03-25
user_197,2026-03-25
user_199,2026-03-25
user_023,2026-03-26
user_024,2026-03-26
user_026,2026-03-26
user_028,2026-03-26
user_032,2026-03-26
user_035,2026-03-26
user_053,2026-03-26
user_054,2026-03-26
user_056,2026-03-26
user_059,2026-03-26
user_060,2026-03-26
user_061,2026-03-26
user_070,2026-03-26
user_071,2026-03-26
user_072,2026-03-26
user_074,2026-03-26
user_077,2026-03-26
user_082,2026-03-26
user_085,2026-03-26
user_087,2026-03-26
user_088,2026-03-26
user_089,2026-03-26
user_090,2026-03-26
user_091,2026-03-26
user_094,2026-03-26
user_100,2026-03-26
user_102,2026-03-26
user_109,2026-03-26
user_117,2026-03-26
user_121,2026-03-26
user_125,2026-03-26
user_131,2026-03-26
user_136,2026-03-26
user_149,2026-03-26
user_154,2026-03-26
user_158,2026-03-26
user_161,2026-03-26
user_170,2026-03-26
user_178,2026-03-26
user_179,2026-03-26
user_182,2026-03-26
user_185,2026-03-26
user_187,2026-03-26
user_189,2026-03-26
user_194,2026-03-26
user_199,2026-03-26
user_018,2026-03-27
user_024,2026-03-27
user_028,2026-03-27
user_032,2026-03-27
user_034,2026-03-27
user_040,2026-03-27
user_045,2026-03-27
user_053,2026-03-27
user_054,2026-03-27
user_055,2026-03-27
user_056,2026-03-27
user_058,2026-03-27
user_060,2026-03-27
user_068,2026-03-27
user_070,2026-03-27
user_071,2026-03-27
user_072,2026-03-27
user_074,2026-03-27
user_077,2026-03-27
user_085,2026-03-27
user_087,2026-03-27
user_088,2026-03-27
user_089,2026-03-27
user_090,2026-03-27
user_093,2026-03-27
user_097,2026-03-27
user_101,2026-03-27
user_107,2026-03-27
user_109,2026-03-27
user_115,2026-03-27
user_117,2026-03-27
user_120,2026-03-27
user_123,2026-03-27
user_137,2026-03-27
user_142,2026-03-27
user_143,2026-03-27
user_146,2026-03-27
user_148,2026-03-27
user_149,2026-03-27
user_154,2026-03-27
user_158,2026-03-27
user_172,2026-03-27
user_178,2026-03-27
user_179,2026-03-27
user_182,2026-03-27
user_187,2026-03-27
user_190,2026-03-27
user_197,2026-03-27
user_199,2026-03-27
user_021,2026-03-28
user_024,2026-03-28
user_040,2026-03-28
user_045,2026-03-28
user_049,2026-03-28
user_050,2026-03-28
user_053,2026-03-28
user_054,2026-03-28
user_056,2026-03-28
user_058,2026-03-28
user_059,2026-03-28
user_060,2026-03-28
user_063,2026-03-28
user_068,2026-03-28
user_070,2026-03-28
user_071,2026-03-28
user_072,2026-03-28
user_074,2026-03-28
user_077,2026-03-28
user_079,2026-03-28
user_082,2026-03-28
user_085,2026-03-28
user_087,2026-03-28
user_088,2026-03-28
user_089,2026-03-28
user_090,2026-03-28
user_091,2026-03-28
user_098,2026-03-28
user_101,2026-03-28
user_104,2026-03-28
user_107,2026-03-28
user_117,2026-03-28
user_121,2026-03-28
user_123,2026-03-28
user_125,2026-03-28
user_146,2026-03-28
user_148,2026-03-28
user_154,2026-03-28
user_155,2026-03-28
user_158,2026-03-28
user_159,2026-03-28
user_161,2026-03-28
user_172,2026-03-28
user_174,2026-03-28
user_177,2026-03-28
user_178,2026-03-28
user_179,2026-03-28
user_180,2026-03-28
user_182,2026-03-28
user_187,2026-03-28
user_189,2026-03-28
user_190,2026-03-28
user_191,2026-03-28
user_194,2026-03-28
user_197,2026-03-28
user_199,2026-03-28
user_021,2026-03-29
user_022,2026-03-29
user_023,2026-03-29
user_024,2026-03-29
user_029,2026-03-29
user_050,2026-03-29
user_055,2026-03-29
user_056,2026-03-29
user_058,2026-03-29
user_059,2026-03-29
user_060,2026-03-29
user_068,2026-03-29
user_070,2026-03-29
user_071,2026-03-29
user_074,2026-03-29
user_077,2026-03-29
user_081,2026-03-29
user_082,2026-03-29
user_083,2026-03-29
user_085,2026-03-29
user_087,2026-03-29
user_088,2026-03-29
user_089,2026-03-29
user_090,2026-03-29
user_093,2026-03-29
user_094,2026-03-29
user_101,2026-03-29
user_102,2026-03-29
user_109,2026-03-29
user_117,2026-03-29
user_120,2026-03-29
user_121,2026-03-29
user_123,2026-03-29
user_133,2026-03-29
user_136,2026-03-29
user_137,2026-03-29
user_146,2026-03-29
user_149,2026-03-29
user_154,2026-03-29
user_158,2026-03-29
user_159,2026-03-29
user_170,2026-03-29
user_178,2026-03-29
user_179,2026-03-29
user_182,2026-03-29
user_183,2026-03-29
user_185,2026-03-29
user_187,2026-03-29
user_191,2026-03-29
user_195,2026-03-29
user_197,2026-03-29
user_198,2026-03-29
user_199,2026-03-29
user_200,2026-03-29
user_018,2026-03-30
user_021,2026-03-30
user_023,2026-03-30
user_024,2026-03-30
user_026,2026-03-30
user_028,2026-03-30
user_031,2026-03-30
user_040,2026-03-30
user_042,2026-03-30
user_049,2026-03-30
user_053,2026-03-30
user_054,2026-03-30
user_056,2026-03-30
user_058,2026-03-30
user_068,2026-03-30
user_070,2026-03-30
user_071,2026-03-30
user_072,2026-03-30
user_074,2026-03-30
user_081,2026-03-30
user_082,2026-03-30
user_083,2026-03-30
user_085,2026-03-30
user_087,2026-03-30
user_088,2026-03-30
user_089,2026-03-30
user_090,2026-03-30
user_091,2026-03-30
user_093,2026-03-30
user_102,2026-03-30
user_109,2026-03-30
user_121,2026-03-30
user_123,2026-03-30
user_125,2026-03-30
user_131,2026-03-30
user_136,2026-03-30
user_146,2026-03-30
user_149,2026-03-30
user_158,2026-03-30
user_161,2026-03-30
user_172,2026-03-30
user_178,2026-03-30
user_179,2026-03-30
user_182,2026-03-30
user_190,2026-03-30
user_191,2026-03-30
user_199,2026-03-30
user_200,2026-03-30
user_024,2026-03-31
user_028,2026-03-31
user_032,2026-03-31
user_042,2026-03-31
user_047,2026-03-31
user_049,2026-03-31
user_050,2026-03-31
user_053,2026-03-31
user_054,2026-03-31
user_058,2026-03-31
user_060,2026-03-31
user_071,2026-03-31
user_072,2026-03-31
user_074,2026-03-31
user_077,2026-03-31
user_079,2026-03-31
user_082,2026-03-31
user_085,2026-03-31
user_088,2026-03-31
user_089,2026-03-31
user_090,2026-03-31
user_093,2026-03-31
user_100,2026-03-31
user_102,2026-03-31
user_107,2026-03-31
user_109,2026-03-31
user_117,2026-03-31
user_120,2026-03-31
user_121,2026-03-31
user_123,2026-03-31
user_144,2026-03-31
user_146,2026-03-31
user_149,2026-03-31
user_154,2026-03-31
user_161,2026-03-31
user_170,2026-03-31
user_172,2026-03-31
user_174,2026-03-31
user_179,2026-03-31
user_187,2026-03-31
user_190,2026-03-31
user_199,2026-03-31
user_200,2026-03-31
user_018,2026-04-01
user_021,2026-04-01
user_022,2026-04-01
user_023,2026-04-01
user_024,2026-04-01
user_028,2026-04-01
user_039,2026-04-01
user_042,2026-04-01
user_045,2026-04-01
user_054,2026-04-01
user_058,2026-04-01
user_060,2026-04-01
user_070,2026-04-01
user_071,2026-04-01
user_072,2026-04-01
user_074,2026-04-01
user_077,2026-04-01
user_079,2026-04-01
user_082,2026-04-01
user_083,2026-04-01
user_085,2026-04-01
user_086,2026-04-01
user_087,2026-04-01
user_088,2026-04-01
user_089,2026-04-01
user_090,2026-04-01
user_093,2026-04-01
user_101,2026-04-01
user_102,2026-04-01
user_109,2026-04-01
user_117,2026-04-01
user_121,2026-04-01
user_123,2026-04-01
user_125,2026-04-01
user_136,2026-04-01
user_137,2026-04-01
user_149,2026-04-01
user_151,2026-04-01
user_154,2026-04-01
user_158,2026-04-01
user_161,2026-04-01
user_170,2026-04-01
user_174,2026-04-01
user_179,2026-04-01
user_182,2026-04-01
user_183,2026-04-01
user_190,2026-04-01
user_196,2026-04-01
user_197,2026-04-01
user_199,2026-04-01
user_023,2026-04-02
user_024,2026-04-02
user_026,2026-04-02
user_028,2026-04-02
user_029,2026-04-02
user_039,2026-04-02
user_042,2026-04-02
user_046,2026-04-02
user_053,2026-04-02
user_054,2026-04-02
user_058,2026-04-02
user_059,2026-04-02
user_060,2026-04-02
user_061,2026-04-02
user_070,2026-04-02
user_072,2026-04-02
user_077,2026-04-02
user_078,2026-04-02
user_081,2026-04-02
user_082,2026-04-02
user_085,2026-04-02
user_089,2026-04-02
user_090,2026-04-02
user_091,2026-04-02
user_093,2026-04-02
user_099,2026-04-02
user_101,2026-04-02
user_102,2026-04-02
user_109,2026-04-02
user_117,2026-04-02
user_121,2026-04-02
user_123,2026-04-02
user_125,2026-04-02
user_131,2026-04-02
user_137,2026-04-02
user_141,2026-04-02
user_146,2026-04-02
user_149,2026-04-02
user_153,2026-04-02
user_170,2026-04-02
user_178,2026-04-02
user_179,2026-04-02
user_182,2026-04-02
user_185,2026-04-02
user_187,2026-04-02
user_190,2026-04-02
user_196,2026-04-02
user_197,2026-04-02
user_198,2026-04-02
user_200,2026-04-02
user_022,2026-04-03
user_023,2026-04-03
user_024,2026-04-03
user_035,2026-04-03
user_040,2026-04-03
user_045,2026-04-03
user_049,2026-04-03
user_053,2026-04-03
user_054,2026-04-03
user_055,2026-04-03
user_058,2026-04-03
user_059,2026-04-03
user_060,2026-04-03
user_061,2026-04-03
user_070,2026-04-03
user_071,2026-04-03
user_072,2026-04-03
user_075,2026-04-03
user_078,2026-04-03
user_081,2026-04-03
user_082,2026-04-03
user_085,2026-04-03
user_086,2026-04-03
user_087,2026-04-03
user_088,2026-04-03
user_090,2026-04-03
user_091,2026-04-03
user_093,2026-04-03
user_101,2026-04-03
user_102,2026-04-03
user_107,2026-04-03
user_109,2026-04-03
user_123,2026-04-03
user_125,2026-04-03
user_131,2026-04-03
user_142,2026-04-03
user_144,2026-04-03
user_146,2026-04-03
user_149,2026-04-03
user_155,2026-04-03
user_158,2026-04-03
user_159,2026-04-03
user_170,2026-04-03
user_172,2026-04-03
user_174,2026-04-03
user_177,2026-04-03
user_178,2026-04-03
user_179,2026-04-03
user_182,2026-04-03
user_183,2026-04-03
user_185,2026-04-03
user_187,2026-04-03
user_190,2026-04-03
user_191,2026-04-03
user_195,2026-04-03
user_197,2026-04-03
user_199,2026-04-03
user_200,2026-04-03
user_018,2026-04-04
user_023,2026-04-04
user_024,2026-04-04
user_025,2026-04-04
user_028,2026-04-04
user_035,2026-04-04
user_040,2026-04-04
user_042,2026-04-04
user_045,2026-04-04
user_054,2026-04-04
user_055,2026-04-04
user_059,2026-04-04
user_060,2026-04-04
user_063,2026-04-04
user_070,2026-04-04
user_071,2026-04-04
user_075,2026-04-04
user_078,2026-04-04
user_079,2026-04-04
user_082,2026-04-04
user_083,2026-04-04
user_085,2026-04-04
user_087,2026-04-04
user_088,2026-04-04
user_089,2026-04-04
user_091,2026-04-04
user_093,2026-04-04
user_099,2026-04-04
user_102,2026-04-04
user_109,2026-04-04
user_117,2026-04-04
user_119,2026-04-04
user_121,2026-04-04
user_131,2026-04-04
user_136,2026-04-04
user_137,2026-04-04
user_141,2026-04-04
user_143,2026-04-04
user_145,2026-04-04
user_146,2026-04-04
user_148,2026-04-04
user_149,2026-04-04
user_151,2026-04-04
user_153,2026-04-04
user_154,2026-04-04
user_155,2026-04-04
user_158,2026-04-04
user_159,2026-04-04
user_170,2026-04-04
user_174,2026-04-04
user_178,2026-04-04
user_179,2026-04-04
user_182,2026-04-04
user_183,2026-04-04
user_185,2026-04-04
user_187,2026-04-04
user_190,2026-04-04
user_191,2026-04-04
user_197,2026-04-04
user_199,2026-04-04
user_200,2026-04-04
user_018,2026-04-05
user_022,2026-04-05
user_024,2026-04-05
user_028,2026-04-05
user_032,2026-04-05
user_040,2026-04-05
user_045,2026-04-05
user_046,2026-04-05
user_049,2026-04-05
user_053,2026-04-05
user_054,2026-04-05
user_055,2026-04-05
user_058,2026-04-05
user_059,2026-04-05
user_060,2026-04-05
user_063,2026-04-05
user_070,2026-04-05
user_071,2026-04-05
user_072,2026-04-05
user_075,2026-04-05
user_078,2026-04-05
user_081,2026-04-05
user_083,2026-04-05
user_085,2026-04-05
user_088,2026-04-05
user_089,2026-04-05
user_090,2026-04-05
user_093,2026-04-05
user_099,2026-04-05
user_109,2026-04-05
user_117,2026-04-05
user_121,2026-04-05
user_122,2026-04-05
user_123,2026-04-05
user_125,2026-04-05
user_131,2026-04-05
user_136,2026-04-05
user_137,2026-04-05
user_142,2026-04-05
user_143,2026-04-05
user_146,2026-04-05
user_149,2026-04-05
user_151,2026-04-05
user_170,2026-04-05
user_172,2026-04-05
user_177,2026-04-05
user_178,2026-04-05
user_179,2026-04-05
user_182,2026-04-05
user_185,2026-04-05
user_187,2026-04-05
user_189,2026-04-05
user_190,2026-04-05
user_191,2026-04-05
user_194,2026-04-05
user_199,2026-04-05
user_200,2026-04-05
user_017,2026-04-06
user_024,2026-04-06
user_040,2026-04-06
user_042,2026-04-06
user_045,2026-04-06
user_050,2026-04-06
user_053,2026-04-06
user_054,2026-04-06
user_058,2026-04-06
user_059,2026-04-06
user_060,2026-04-06
user_061,2026-04-06
user_070,2026-04-06
user_072,2026-04-06
user_075,2026-04-06
user_077,2026-04-06
user_078,2026-04-06
user_079,2026-04-06
user_082,2026-04-06
user_085,2026-04-06
user_087,2026-04-06
user_088,2026-04-06
user_090,2026-04-06
user_091,2026-04-06
user_093,2026-04-06
user_102,2026-04-06
user_109,2026-04-06
user_117,2026-04-06
user_121,2026-04-06
user_123,2026-04-06
user_125,2026-04-06
user_131,2026-04-06
user_136,2026-04-06
user_137,2026-04-06
user_144,2026-04-06
user_146,2026-04-06
user_148,2026-04-06
user_149,2026-04-06
user_154,2026-04-06
user_158,2026-04-06
user_166,2026-04-06
user_170,2026-04-06
user_172,2026-04-06
user_178,2026-04-06
user_179,2026-04-06
user_182,2026-04-06
user_185,2026-04-06
user_187,2026-04-06
user_190,2026-04-06
user_195,2026-04-06
user_197,2026-04-06
user_199,2026-04-06
user_200,2026-04-06
user_017,2026-04-07
user_018,2026-04-07
user_023,2026-04-07
user_024,2026-04-07
user_028,2026-04-07
user_035,2026-04-07
user_039,2026-04-07
user_042,2026-04-07
user_045,2026-04-07
user_053,2026-04-07
user_054,2026-04-07
user_058,2026-04-07
user_059,2026-04-07
user_060,2026-04-07
user_070,2026-04-07
user_072,2026-04-07
user_074,2026-04-07
user_077,2026-04-07
user_082,2026-04-07
user_087,2026-04-07
user_088,2026-04-07
user_089,2026-04-07
user_090,2026-04-07
user_093,2026-04-07
user_097,2026-04-07
user_098,2026-04-07
user_102,2026-04-07
user_107,2026-04-07
user_109,2026-04-07
user_119,2026-04-07
user_121,2026-04-07
user_123,2026-04-07
user_125,2026-04-07
user_136,2026-04-07
user_137,2026-04-07
user_143,2026-04-07
user_146,2026-04-07
user_151,2026-04-07
user_154,2026-04-07
user_158,2026-04-07
user_159,2026-04-07
user_172,2026-04-07
user_179,2026-04-07
user_182,2026-04-07
user_187,2026-04-07
user_190,2026-04-07
user_191,2026-04-07
user_194,2026-04-07
user_197,2026-04-07
user_198,2026-04-07
user_200,2026-04-07
user_017,2026-04-08
user_022,2026-04-08
user_024,2026-04-08
user_028,2026-04-08
user_039,2026-04-08
user_042,2026-04-08
user_045,2026-04-08
user_054,2026-04-08
user_055,2026-04-08
user_058,2026-04-08
user_059,2026-04-08
user_060,2026-04-08
user_072,2026-04-08
user_074,2026-04-08
user_078,2026-04-08
user_081,2026-04-08
user_082,2026-04-08
user_085,2026-04-08
user_088,2026-04-08
user_090,2026-04-08
user_093,2026-04-08
user_099,2026-04-08
user_101,2026-04-08
user_107,2026-04-08
user_109,2026-04-08
user_115,2026-04-08
user_119,2026-04-08
user_120,2026-04-08
user_121,2026-04-08
user_123,2026-04-08
user_125,2026-04-08
user_133,2026-04-08
user_136,2026-04-08
user_142,2026-04-08
user_143,2026-04-08
user_145,2026-04-08
user_146,2026-04-08
user_147,2026-04-08
user_151,2026-04-08
user_154,2026-04-08
user_158,2026-04-08
user_172,2026-04-08
user_178,2026-04-08
user_179,2026-04-08
user_182,2026-04-08
user_187,2026-04-08
user_190,2026-04-08
user_191,2026-04-08
user_196,2026-04-08
user_197,2026-04-08
user_198,2026-04-08
user_199,2026-04-08
user_200,2026-04-08
user_017,2026-04-09
user_021,2026-04-09
user_024,2026-04-09
user_040,2026-04-09
user_046,2026-04-09
user_050,2026-04-09
user_053,2026-04-09
user_054,2026-04-09
user_058,2026-04-09
user_060,2026-04-09
user_070,2026-04-09
user_072,2026-04-09
user_073,2026-04-09
user_074,2026-04-09
user_075,2026-04-09
user_077,2026-04-09
user_078,2026-04-09
user_082,2026-04-09
user_085,2026-04-09
user_089,2026-04-09
user_090,2026-04-09
user_091,2026-04-09
user_092,2026-04-09
user_093,2026-04-09
user_099,2026-04-09
user_102,2026-04-09
user_106,2026-04-09
user_109,2026-04-09
user_116,2026-04-09
user_117,2026-04-09
user_119,2026-04-09
user_121,2026-04-09
user_123,2026-04-09
user_131,2026-04-09
user_136,2026-04-09
user_137,2026-04-09
user_142,2026-04-09
user_144,2026-04-09
user_145,2026-04-09
user_146,2026-04-09
user_149,2026-04-09
user_151,2026-04-09
user_155,2026-04-09
user_158,2026-04-09
user_166,2026-04-09
user_172,2026-04-09
user_178,2026-04-09
user_179,2026-04-09
user_182,2026-04-09
user_184,2026-04-09
user_187,2026-04-09
user_189,2026-04-09
user_197,2026-04-09
user_017,2026-04-10
user_022,2026-04-10
user_023,2026-04-10
user_024,2026-04-10
user_028,2026-04-10
user_034,2026-04-10
user_040,2026-04-10
user_045,2026-04-10
user_049,2026-04-10
user_053,2026-04-10
user_054,2026-04-10
user_055,2026-04-10
user_059,2026-04-10
user_070,2026-04-10
user_071,2026-04-10
user_072,2026-04-10
user_074,2026-04-10
user_078,2026-04-10
user_079,2026-04-10
user_080,2026-04-10
user_081,2026-04-10
user_082,2026-04-10
user_083,2026-04-10
user_085,2026-04-10
user_088,2026-04-10
user_090,2026-04-10
user_092,2026-04-10
user_093,2026-04-10
user_097,2026-04-10
user_100,2026-04-10
user_101,2026-04-10
user_102,2026-04-10
user_109,2026-04-10
user_117,2026-04-10
user_119,2026-04-10
user_121,2026-04-10
user_123,2026-04-10
user_125,2026-04-10
user_133,2026-04-10
user_136,2026-04-10
user_137,2026-04-10
user_143,2026-04-10
user_144,2026-04-10
user_146,2026-04-10
user_149,2026-04-10
user_151,2026-04-10
user_158,2026-04-10
user_166,2026-04-10
user_170,2026-04-10
user_172,2026-04-10
user_179,2026-04-10
user_182,2026-04-10
user_187,2026-04-10
user_190,2026-04-10
user_197,2026-04-10
user_198,2026-04-10
user_199,2026-04-10
user_200,2026-04-10
user_017,2026-04-11
user_024,2026-04-11
user_025,2026-04-11
user_028,2026-04-11
user_032,2026-04-11
user_039,2026-04-11
user_042,2026-04-11
user_045,2026-04-11
user_053,2026-04-11
user_054,2026-04-11
user_058,2026-04-11
user_059,2026-04-11
user_060,2026-04-11
user_070,2026-04-11
user_072,2026-04-11
user_073,2026-04-11
user_074,2026-04-11
user_075,2026-04-11
user_078,2026-04-11
user_079,2026-04-11
user_085,2026-04-11
user_087,2026-04-11
user_088,2026-04-11
user_089,2026-04-11
user_091,2026-04-11
user_092,2026-04-11
user_093,2026-04-11
user_097,2026-04-11
user_100,2026-04-11
user_101,2026-04-11
user_102,2026-04-11
user_107,2026-04-11
user_109,2026-04-11
user_117,2026-04-11
user_119,2026-04-11
user_121,2026-04-11
user_123,2026-04-11
user_125,2026-04-11
user_131,2026-04-11
user_136,2026-04-11
user_144,2026-04-11
user_145,2026-04-11
user_146,2026-04-11
user_149,2026-04-11
user_151,2026-04-11
user_154,2026-04-11
user_178,2026-04-11
user_182,2026-04-11
user_184,2026-04-11
user_187,2026-04-11
user_190,2026-04-11
user_191,2026-04-11
user_196,2026-04-11
user_197,2026-04-11
user_199,2026-04-11
user_200,2026-04-11
user_017,2026-04-12
user_018,2026-04-12
user_022,2026-04-12
user_023,2026-04-12
user_028,2026-04-12
user_040,2026-04-12
user_042,2026-04-12
user_045,2026-04-12
user_053,2026-04-12
user_054,2026-04-12
user_058,2026-04-12
user_060,2026-04-12
user_063,2026-04-12
user_071,2026-04-12
user_072,2026-04-12
user_073,2026-04-12
user_074,2026-04-12
user_075,2026-04-12
user_077,2026-04-12
user_079,2026-04-12
user_082,2026-04-12
user_083,2026-04-12
user_085,2026-04-12
user_088,2026-04-12
user_089,2026-04-12
user_090,2026-04-12
user_092,2026-04-12
user_093,2026-04-12
user_100,2026-04-12
user_101,2026-04-12
user_102,2026-04-12
user_106,2026-04-12
user_107,2026-04-12
user_110,2026-04-12
user_117,2026-04-12
user_119,2026-04-12
user_120,2026-04-12
user_121,2026-04-12
user_123,2026-04-12
user_125,2026-04-12
user_131,2026-04-12
user_136,2026-04-12
user_137,2026-04-12
user_144,2026-04-12
user_146,2026-04-12
user_147,2026-04-12
user_149,2026-04-12
user_151,2026-04-12
user_154,2026-04-12
user_158,2026-04-12
user_160,2026-04-12
user_170,2026-04-12
user_178,2026-04-12
user_179,2026-04-12
user_182,2026-04-12
user_184,2026-04-12
user_185,2026-04-12
user_187,2026-04-12
user_190,2026-04-12
user_197,2026-04-12
user_199,2026-04-12
user_200,2026-04-12
user_017,2026-04-13
user_034,2026-04-13
user_035,2026-04-13
user_040,2026-04-13
user_045,2026-04-13
user_054,2026-04-13
user_055,2026-04-13
user_058,2026-04-13
user_059,2026-04-13
user_072,2026-04-13
user_073,2026-04-13
user_078,2026-04-13
user_079,2026-04-13
user_082,2026-04-13
user_085,2026-04-13
user_088,2026-04-13
user_089,2026-04-13
user_090,2026-04-13
user_091,2026-04-13
user_093,2026-04-13
user_099,2026-04-13
user_100,2026-04-13
user_101,2026-04-13
user_102,2026-04-13
user_109,2026-04-13
user_116,2026-04-13
user_117,2026-04-13
user_119,2026-04-13
user_121,2026-04-13
user_123,2026-04-13
user_125,2026-04-13
user_126,2026-04-13
user_137,2026-04-13
user_146,2026-04-13
user_149,2026-04-13
user_151,2026-04-13
user_154,2026-04-13
user_158,2026-04-13
user_160,2026-04-13
user_164,2026-04-13
user_166,2026-04-13
user_178,2026-04-13
user_179,2026-04-13
user_182,2026-04-13
user_184,2026-04-13
user_185,2026-04-13
user_187,2026-04-13
user_189,2026-04-13
user_190,2026-04-13
user_191,2026-04-13
user_194,2026-04-13
user_197,2026-04-13
user_199,2026-04-13
user_200,2026-04-13
user_017,2026-04-14
user_022,2026-04-14
user_024,2026-04-14
user_028,2026-04-14
user_034,2026-04-14
user_040,2026-04-14
user_045,2026-04-14
user_049,2026-04-14
user_053,2026-04-14
user_054,2026-04-14
user_058,2026-04-14
user_061,2026-04-14
user_063,2026-04-14
user_070,2026-04-14
user_071,2026-04-14
user_072,2026-04-14
user_074,2026-04-14
user_078,2026-04-14
user_082,2026-04-14
user_085,2026-04-14
user_086,2026-04-14
user_088,2026-04-14
user_089,2026-04-14
user_090,2026-04-14
user_092,2026-04-14
user_093,2026-04-14
user_097,2026-04-14
user_099,2026-04-14
user_102,2026-04-14
user_104,2026-04-14
user_109,2026-04-14
user_110,2026-04-14
user_117,2026-04-14
user_119,2026-04-14
user_121,2026-04-14
user_123,2026-04-14
user_125,2026-04-14
user_126,2026-04-14
user_131,2026-04-14
user_132,2026-04-14
user_136,2026-04-14
user_146,2026-04-14
user_148,2026-04-14
user_149,2026-04-14
user_151,2026-04-14
user_154,2026-04-14
user_155,2026-04-14
user_158,2026-04-14
user_164,2026-04-14
user_178,2026-04-14
user_179,2026-04-14
user_181,2026-04-14
user_185,2026-04-14
user_187,2026-04-14
user_190,2026-04-14
user_197,2026-04-14
user_200,2026-04-14
user_017,2026-04-15
user_021,2026-04-15
user_024,2026-04-15
user_028,2026-04-15
user_034,2026-04-15
user_045,2026-04-15
user_049,2026-04-15
user_057,2026-04-15
user_058,2026-04-15
user_060,2026-04-15
user_070,2026-04-15
user_071,2026-04-15
user_072,2026-04-15
user_077,2026-04-15
user_079,2026-04-15
user_081,2026-04-15
user_082,2026-04-15
user_085,2026-04-15
user_086,2026-04-15
user_087,2026-04-15
user_088,2026-04-15
user_090,2026-04-15
user_092,2026-04-15
user_093,2026-04-15
user_101,2026-04-15
user_102,2026-04-15
user_106,2026-04-15
user_109,2026-04-15
user_110,2026-04-15
user_113,2026-04-15
user_117,2026-04-15
user_119,2026-04-15
user_120,2026-04-15
user_121,2026-04-15
user_123,2026-04-15
user_125,2026-04-15
user_126,2026-04-15
user_141,2026-04-15
user_145,2026-04-15
user_146,2026-04-15
user_149,2026-04-15
user_151,2026-04-15
user_152,2026-04-15
user_154,2026-04-15
user_155,2026-04-15
user_158,2026-04-15
user_170,2026-04-15
user_172,2026-04-15
user_178,2026-04-15
user_179,2026-04-15
user_181,2026-04-15
user_184,2026-04-15
user_187,2026-04-15
user_190,2026-04-15
user_195,2026-04-15
user_198,2026-04-15
user_199,2026-04-15
user_200,2026-04-15
user_017,2026-04-16
user_018,2026-04-16
user_023,2026-04-16
user_024,2026-04-16
user_025,2026-04-16
user_026,2026-04-16
user_028,2026-04-16
user_040,2026-04-16
user_045,2026-04-16
user_049,2026-04-16
user_052,2026-04-16
user_053,2026-04-16
user_055,2026-04-16
user_058,2026-04-16
user_059,2026-04-16
user_060,2026-04-16
user_061,2026-04-16
user_070,2026-04-16
user_072,2026-04-16
user_074,2026-04-16
user_075,2026-04-16
user_077,2026-04-16
user_078,2026-04-16
user_079,2026-04-16
user_082,2026-04-16
user_085,2026-04-16
user_087,2026-04-16
user_089,2026-04-16
user_093,2026-04-16
user_100,2026-04-16
user_102,2026-04-16
user_106,2026-04-16
user_109,2026-04-16
user_113,2026-04-16
user_119,2026-04-16
user_121,2026-04-16
user_123,2026-04-16
user_125,2026-04-16
user_126,2026-04-16
user_131,2026-04-16
user_132,2026-04-16
user_136,2026-04-16
user_142,2026-04-16
user_146,2026-04-16
user_147,2026-04-16
user_149,2026-04-16
user_151,2026-04-16
user_154,2026-04-16
user_158,2026-04-16
user_164,2026-04-16
user_170,2026-04-16
user_172,2026-04-16
user_178,2026-04-16
user_179,2026-04-16
user_181,2026-04-16
user_183,2026-04-16
user_187,2026-04-16
user_189,2026-04-16
user_190,2026-04-16
user_195,2026-04-16
user_197,2026-04-16
user_199,2026-04-16
user_200,2026-04-16
user_017,2026-04-17
user_024,2026-04-17
user_028,2026-04-17
user_049,2026-04-17
user_052,2026-04-17
user_053,2026-04-17
user_054,2026-04-17
user_055,2026-04-17
user_058,2026-04-17
user_060,2026-04-17
user_070,2026-04-17
user_071,2026-04-17
user_072,2026-04-17
user_073,2026-04-17
user_074,2026-04-17
user_077,2026-04-17
user_078,2026-04-17
user_079,2026-04-17
user_082,2026-04-17
user_083,2026-04-17
user_085,2026-04-17
user_087,2026-04-17
user_088,2026-04-17
user_089,2026-04-17
user_090,2026-04-17
user_092,2026-04-17
user_093,2026-04-17
user_102,2026-04-17
user_109,2026-04-17
user_113,2026-04-17
user_117,2026-04-17
user_119,2026-04-17
user_121,2026-04-17
user_123,2026-04-17
user_126,2026-04-17
user_131,2026-04-17
user_136,2026-04-17
user_146,2026-04-17
user_149,2026-04-17
user_151,2026-04-17
user_154,2026-04-17
user_158,2026-04-17
user_159,2026-04-17
user_164,2026-04-17
user_168,2026-04-17
user_172,2026-04-17
user_178,2026-04-17
user_179,2026-04-17
user_181,2026-04-17
user_184,2026-04-17
user_188,2026-04-17
user_190,2026-04-17
user_194,2026-04-17
user_196,2026-04-17
user_197,2026-04-17
user_199,2026-04-17
user_017,2026-04-18
user_021,2026-04-18
user_023,2026-04-18
user_024,2026-04-18
user_034,2026-04-18
user_035,2026-04-18
user_040,2026-04-18
user_049,2026-04-18
user_052,2026-04-18
user_054,2026-04-18
user_055,2026-04-18
user_058,2026-04-18
user_060,2026-04-18
user_061,2026-04-18
user_070,2026-04-18
user_072,2026-04-18
user_073,2026-04-18
user_074,2026-04-18
user_075,2026-04-18
user_078,2026-04-18
user_079,2026-04-18
user_083,2026-04-18
user_085,2026-04-18
user_086,2026-04-18
user_087,2026-04-18
user_088,2026-04-18
user_089,2026-04-18
user_090,2026-04-18
user_091,2026-04-18
user_093,2026-04-18
user_102,2026-04-18
user_103,2026-04-18
user_109,2026-04-18
user_116,2026-04-18
user_117,2026-04-18
user_123,2026-04-18
user_125,2026-04-18
user_131,2026-04-18
user_136,2026-04-18
user_137,2026-04-18
user_141,2026-04-18
user_143,2026-04-18
user_146,2026-04-18
user_147,2026-04-18
user_149,2026-04-18
user_154,2026-04-18
user_160,2026-04-18
user_177,2026-04-18
user_178,2026-04-18
user_179,2026-04-18
user_181,2026-04-18
user_184,2026-04-18
user_187,2026-04-18
user_190,2026-04-18
user_195,2026-04-18
user_197,2026-04-18
user_198,2026-04-18
user_199,2026-04-18
user_200,2026-04-18
user_017,2026-04-19
user_023,2026-04-19
user_024,2026-04-19
user_028,2026-04-19
user_035,2026-04-19
user_045,2026-04-19
user_048,2026-04-19
user_049,2026-04-19
user_052,2026-04-19
user_053,2026-04-19
user_054,2026-04-19
user_058,2026-04-19
user_060,2026-04-19
user_061,2026-04-19
user_070,2026-04-19
user_071,2026-04-19
user_072,2026-04-19
user_074,2026-04-19
user_075,2026-04-19
user_077,2026-04-19
user_078,2026-04-19
user_079,2026-04-19
user_082,2026-04-19
user_085,2026-04-19
user_089,2026-04-19
user_090,2026-04-19
user_093,2026-04-19
user_102,2026-04-19
user_107,2026-04-19
user_109,2026-04-19
user_115,2026-04-19
user_117,2026-04-19
user_119,2026-04-19
user_121,2026-04-19
user_124,2026-04-19
user_126,2026-04-19
user_131,2026-04-19
user_137,2026-04-19
user_146,2026-04-19
user_148,2026-04-19
user_149,2026-04-19
user_151,2026-04-19
user_154,2026-04-19
user_158,2026-04-19
user_159,2026-04-19
user_164,2026-04-19
user_172,2026-04-19
user_177,2026-04-19
user_178,2026-04-19
user_179,2026-04-19
user_180,2026-04-19
user_181,2026-04-19
user_187,2026-04-19
user_188,2026-04-19
user_189,2026-04-19
user_190,2026-04-19
user_194,2026-04-19
user_195,2026-04-19
user_196,2026-04-19
user_199,2026-04-19
user_200,2026-04-19
user_017,2026-04-20
user_021,2026-04-20
user_023,2026-04-20
user_024,2026-04-20
user_035,2026-04-20
user_040,2026-04-20
user_048,2026-04-20
user_052,2026-04-20
user_053,2026-04-20
user_054,2026-04-20
user_055,2026-04-20
user_058,2026-04-20
user_060,2026-04-20
user_061,2026-04-20
user_070,2026-04-20
user_072,2026-04-20
user_073,2026-04-20
user_074,2026-04-20
user_075,2026-04-20
user_077,2026-04-20
user_078,2026-04-20
user_081,2026-04-20
user_082,2026-04-20
user_085,2026-04-20
user_086,2026-04-20
user_087,2026-04-20
user_088,2026-04-20
user_089,2026-04-20
user_090,2026-04-20
user_098,2026-04-20
user_100,2026-04-20
user_101,2026-04-20
user_102,2026-04-20
user_103,2026-04-20
user_117,2026-04-20
user_120,2026-04-20
user_121,2026-04-20
user_122,2026-04-20
user_123,2026-04-20
user_124,2026-04-20
user_125,2026-04-20
user_126,2026-04-20
user_136,2026-04-20
user_141,2026-04-20
user_144,2026-04-20
user_146,2026-04-20
user_149,2026-04-20
user_151,2026-04-20
user_154,2026-04-20
user_155,2026-04-20
user_158,2026-04-20
user_164,2026-04-20
user_166,2026-04-20
user_172,2026-04-20
user_178,2026-04-20
user_179,2026-04-20
user_181,2026-04-20
user_187,2026-04-20
user_188,2026-04-20
user_190,2026-04-20
user_199,2026-04-20
user_200,2026-04-20
user_017,2026-04-21
user_022,2026-04-21
user_024,2026-04-21
user_033,2026-04-21
user_040,2026-04-21
user_048,2026-04-21
user_049,2026-04-21
user_052,2026-04-21
user_054,2026-04-21
user_060,2026-04-21
user_070,2026-04-21
user_072,2026-04-21
user_074,2026-04-21
user_078,2026-04-21
user_080,2026-04-21
user_082,2026-04-21
user_083,2026-04-21
user_084,2026-04-21
user_085,2026-04-21
user_087,2026-04-21
user_088,2026-04-21
user_089,2026-04-21
user_090,2026-04-21
user_093,2026-04-21
user_101,2026-04-21
user_102,2026-04-21
user_109,2026-04-21
user_117,2026-04-21
user_119,2026-04-21
user_120,2026-04-21
user_121,2026-04-21
user_123,2026-04-21
user_124,2026-04-21
user_125,2026-04-21
user_130,2026-04-21
user_136,2026-04-21
user_142,2026-04-21
user_143,2026-04-21
user_146,2026-04-21
user_149,2026-04-21
user_151,2026-04-21
user_158,2026-04-21
user_159,2026-04-21
user_164,2026-04-21
user_166,2026-04-21
user_172,2026-04-21
user_177,2026-04-21
user_179,2026-04-21
user_180,2026-04-21
user_181,2026-04-21
user_184,2026-04-21
user_187,2026-04-21
user_188,2026-04-21
user_190,2026-04-21
user_194,2026-04-21
user_199,2026-04-21
user_017,2026-04-22
user_018,2026-04-22
user_021,2026-04-22
user_023,2026-04-22
user_024,2026-04-22
user_029,2026-04-22
user_030,2026-04-22
user_040,2026-04-22
user_047,2026-04-22
user_052,2026-04-22
user_053,2026-04-22
user_054,2026-04-22
user_058,2026-04-22
user_070,2026-04-22
user_071,2026-04-22
user_072,2026-04-22
user_075,2026-04-22
user_077,2026-04-22
user_079,2026-04-22
user_082,2026-04-22
user_085,2026-04-22
user_087,2026-04-22
user_088,2026-04-22
user_089,2026-04-22
user_090,2026-04-22
user_091,2026-04-22
user_092,2026-04-22
user_093,2026-04-22
user_098,2026-04-22
user_099,2026-04-22
user_100,2026-04-22
user_101,2026-04-22
user_102,2026-04-22
user_107,2026-04-22
user_109,2026-04-22
user_113,2026-04-22
user_116,2026-04-22
user_119,2026-04-22
user_121,2026-04-22
user_123,2026-04-22
user_124,2026-04-22
user_125,2026-04-22
user_126,2026-04-22
user_131,2026-04-22
user_136,2026-04-22
user_141,2026-04-22
user_142,2026-04-22
user_143,2026-04-22
user_146,2026-04-22
user_151,2026-04-22
user_154,2026-04-22
user_155,2026-04-22
user_158,2026-04-22
user_160,2026-04-22
user_164,2026-04-22
user_166,2026-04-22
user_170,2026-04-22
user_172,2026-04-22
user_178,2026-04-22
user_179,2026-04-22
user_181,2026-04-22
user_184,2026-04-22
user_187,2026-04-22
user_188,2026-04-22
user_190,2026-04-22
user_194,2026-04-22
user_195,2026-04-22
user_199,2026-04-22
user_200,2026-04-22
user_017,2026-04-23
user_022,2026-04-23
user_024,2026-04-23
user_028,2026-04-23
user_030,2026-04-23
user_035,2026-04-23
user_040,2026-04-23
user_044,2026-04-23
user_048,2026-04-23
user_049,2026-04-23
user_052,2026-04-23
user_053,2026-04-23
user_055,2026-04-23
user_058,2026-04-23
user_059,2026-04-23
user_060,2026-04-23
user_061,2026-04-23
user_070,2026-04-23
user_073,2026-04-23
user_074,2026-04-23
user_077,2026-04-23
user_084,2026-04-23
user_087,2026-04-23
user_088,2026-04-23
user_091,2026-04-23
user_093,2026-04-23
user_101,2026-04-23
user_102,2026-04-23
user_103,2026-04-23
user_109,2026-04-23
user_111,2026-04-23
user_117,2026-04-23
user_119,2026-04-23
user_123,2026-04-23
user_124,2026-04-23
user_125,2026-04-23
user_131,2026-04-23
user_132,2026-04-23
user_137,2026-04-23
user_141,2026-04-23
user_142,2026-04-23
user_146,2026-04-23
user_149,2026-04-23
user_151,2026-04-23
user_154,2026-04-23
user_155,2026-04-23
user_159,2026-04-23
user_160,2026-04-23
user_178,2026-04-23
user_179,2026-04-23
user_180,2026-04-23
user_184,2026-04-23
user_187,2026-04-23
user_188,2026-04-23
user_190,2026-04-23
user_194,2026-04-23
user_199,2026-04-23
user_200,2026-04-23
user_017,2026-04-24
user_019,2026-04-24
user_024,2026-04-24
user_030,2026-04-24
user_040,2026-04-24
user_044,2026-04-24
user_048,2026-04-24
user_050,2026-04-24
user_052,2026-04-24
user_054,2026-04-24
user_055,2026-04-24
user_058,2026-04-24
user_060,2026-04-24
user_065,2026-04-24
user_070,2026-04-24
user_072,2026-04-24
user_074,2026-04-24
user_078,2026-04-24
user_082,2026-04-24
user_083,2026-04-24
user_087,2026-04-24
user_088,2026-04-24
user_089,2026-04-24
user_090,2026-04-24
user_092,2026-04-24
user_093,2026-04-24
user_097,2026-04-24
user_098,2026-04-24
user_100,2026-04-24
user_102,2026-04-24
user_111,2026-04-24
user_117,2026-04-24
user_119,2026-04-24
user_121,2026-04-24
user_122,2026-04-24
user_123,2026-04-24
user_124,2026-04-24
user_136,2026-04-24
user_137,2026-04-24
user_142,2026-04-24
user_143,2026-04-24
user_146,2026-04-24
user_148,2026-04-24
user_149,2026-04-24
user_151,2026-04-24
user_154,2026-04-24
user_158,2026-04-24
user_164,2026-04-24
user_165,2026-04-24
user_170,2026-04-24
user_178,2026-04-24
user_179,2026-04-24
user_181,2026-04-24
user_184,2026-04-24
user_187,2026-04-24
user_189,2026-04-24
user_190,2026-04-24
user_197,2026-04-24
user_198,2026-04-24
user_199,2026-04-24
user_200,2026-04-24
user_017,2026-04-25
user_022,2026-04-25
user_023,2026-04-25
user_024,2026-04-25
user_036,2026-04-25
user_040,2026-04-25
user_044,2026-04-25
user_048,2026-04-25
user_049,2026-04-25
user_052,2026-04-25
user_053,2026-04-25
user_054,2026-04-25
user_058,2026-04-25
user_060,2026-04-25
user_070,2026-04-25
user_072,2026-04-25
user_074,2026-04-25
user_076,2026-04-25
user_077,2026-04-25
user_078,2026-04-25
user_079,2026-04-25
user_082,2026-04-25
user_083,2026-04-25
user_087,2026-04-25
user_088,2026-04-25
user_089,2026-04-25
user_090,2026-04-25
user_091,2026-04-25
user_092,2026-04-25
user_093,2026-04-25
user_095,2026-04-25
user_097,2026-04-25
user_101,2026-04-25
user_102,2026-04-25
user_103,2026-04-25
user_107,2026-04-25
user_111,2026-04-25
user_117,2026-04-25
user_119,2026-04-25
user_120,2026-04-25
user_121,2026-04-25
user_123,2026-04-25
user_124,2026-04-25
user_126,2026-04-25
user_133,2026-04-25
user_136,2026-04-25
user_137,2026-04-25
user_144,2026-04-25
user_146,2026-04-25
user_147,2026-04-25
user_148,2026-04-25
user_149,2026-04-25
user_150,2026-04-25
user_151,2026-04-25
user_156,2026-04-25
user_158,2026-04-25
user_160,2026-04-25
user_164,2026-04-25
user_166,2026-04-25
user_170,2026-04-25
user_172,2026-04-25
user_175,2026-04-25
user_177,2026-04-25
user_178,2026-04-25
user_179,2026-04-25
user_181,2026-04-25
user_184,2026-04-25
user_187,2026-04-25
user_188,2026-04-25
user_198,2026-04-25
user_199,2026-04-25
user_017,2026-04-26
user_018,2026-04-26
user_019,2026-04-26
user_020,2026-04-26
user_023,2026-04-26
user_024,2026-04-26
user_028,2026-04-26
user_029,2026-04-26
user_036,2026-04-26
user_040,2026-04-26
user_049,2026-04-26
user_052,2026-04-26
user_053,2026-04-26
user_054,2026-04-26
user_058,2026-04-26
user_066,2026-04-26
user_070,2026-04-26
user_071,2026-04-26
user_072,2026-04-26
user_073,2026-04-26
user_074,2026-04-26
user_077,2026-04-26
user_078,2026-04-26
user_082,2026-04-26
user_087,2026-04-26
user_088,2026-04-26
user_089,2026-04-26
user_090,2026-04-26
user_093,2026-04-26
user_095,2026-04-26
user_101,2026-04-26
user_102,2026-04-26
user_109,2026-04-26
user_117,2026-04-26
user_119,2026-04-26
user_120,2026-04-26
user_121,2026-04-26
user_123,2026-04-26
user_124,2026-04-26
user_131,2026-04-26
user_132,2026-04-26
user_142,2026-04-26
user_143,2026-04-26
user_146,2026-04-26
user_147,2026-04-26
user_148,2026-04-26
user_149,2026-04-26
user_151,2026-04-26
user_154,2026-04-26
user_158,2026-04-26
user_159,2026-04-26
user_170,2026-04-26
user_175,2026-04-26
user_178,2026-04-26
user_180,2026-04-26
user_181,2026-04-26
user_185,2026-04-26
user_188,2026-04-26
user_200,2026-04-26
user_017,2026-04-27
user_020,2026-04-27
user_023,2026-04-27
user_024,2026-04-27
user_030,2026-04-27
user_040,2026-04-27
user_044,2026-04-27
user_045,2026-04-27
user_046,2026-04-27
user_048,2026-04-27
user_050,2026-04-27
user_052,2026-04-27
user_053,2026-04-27
user_054,2026-04-27
user_055,2026-04-27
user_058,2026-04-27
user_070,2026-04-27
user_071,2026-04-27
user_072,2026-04-27
user_074,2026-04-27
user_077,2026-04-27
user_078,2026-04-27
user_079,2026-04-27
user_082,2026-04-27
user_084,2026-04-27
user_086,2026-04-27
user_089,2026-04-27
user_090,2026-04-27
user_092,2026-04-27
user_093,2026-04-27
user_095,2026-04-27
user_098,2026-04-27
user_100,2026-04-27
user_101,2026-04-27
user_102,2026-04-27
user_109,2026-04-27
user_111,2026-04-27
user_113,2026-04-27
user_116,2026-04-27
user_119,2026-04-27
user_120,2026-04-27
user_121,2026-04-27
user_123,2026-04-27
user_126,2026-04-27
user_131,2026-04-27
user_136,2026-04-27
user_143,2026-04-27
user_144,2026-04-27
user_148,2026-04-27
user_149,2026-04-27
user_151,2026-04-27
user_154,2026-04-27
user_163,2026-04-27
user_164,2026-04-27
user_166,2026-04-27
user_175,2026-04-27
user_178,2026-04-27
user_181,2026-04-27
user_184,2026-04-27
user_187,2026-04-27
user_190,2026-04-27
user_192,2026-04-27
user_197,2026-04-27
user_200,2026-04-27
user_017,2026-04-28
user_020,2026-04-28
user_022,2026-04-28
user_024,2026-04-28
user_030,2026-04-28
user_035,2026-04-28
user_036,2026-04-28
user_044,2026-04-28
user_045,2026-04-28
user_053,2026-04-28
user_055,2026-04-28
user_058,2026-04-28
user_059,2026-04-28
user_060,2026-04-28
user_066,2026-04-28
user_070,2026-04-28
user_072,2026-04-28
user_074,2026-04-28
user_075,2026-04-28
user_076,2026-04-28
user_077,2026-04-28
user_078,2026-04-28
user_079,2026-04-28
user_084,2026-04-28
user_087,2026-04-28
user_088,2026-04-28
user_089,2026-04-28
user_090,2026-04-28
user_093,2026-04-28
user_100,2026-04-28
user_101,2026-04-28
user_102,2026-04-28
user_103,2026-04-28
user_105,2026-04-28
user_109,2026-04-28
user_115,2026-04-28
user_117,2026-04-28
user_121,2026-04-28
user_123,2026-04-28
user_125,2026-04-28
user_126,2026-04-28
user_131,2026-04-28
user_136,2026-04-28
user_137,2026-04-28
user_141,2026-04-28
user_146,2026-04-28
user_149,2026-04-28
user_154,2026-04-28
user_156,2026-04-28
user_157,2026-04-28
user_158,2026-04-28
user_165,2026-04-28
user_166,2026-04-28
user_172,2026-04-28
user_173,2026-04-28
user_175,2026-04-28
user_177,2026-04-28
user_178,2026-04-28
user_184,2026-04-28
user_187,2026-04-28
user_190,2026-04-28
user_192,2026-04-28
user_197,2026-04-28
user_199,2026-04-28
user_200,2026-04-28
user_017,2026-04-29
user_018,2026-04-29
user_019,2026-04-29
user_020,2026-04-29
user_022,2026-04-29
user_024,2026-04-29
user_025,2026-04-29
user_028,2026-04-29
user_029,2026-04-29
user_035,2026-04-29
user_036,2026-04-29
user_040,2026-04-29
user_044,2026-04-29
user_045,2026-04-29
user_048,2026-04-29
user_049,2026-04-29
user_053,2026-04-29
user_054,2026-04-29
user_055,2026-04-29
user_058,2026-04-29
user_060,2026-04-29
user_061,2026-04-29
user_067,2026-04-29
user_070,2026-04-29
user_071,2026-04-29
user_072,2026-04-29
user_073,2026-04-29
user_074,2026-04-29
user_075,2026-04-29
user_077,2026-04-29
user_078,2026-04-29
user_079,2026-04-29
user_087,2026-04-29
user_088,2026-04-29
user_089,2026-04-29
user_090,2026-04-29
user_091,2026-04-29
user_093,2026-04-29
user_099,2026-04-29
user_102,2026-04-29
user_103,2026-04-29
user_109,2026-04-29
user_111,2026-04-29
user_117,2026-04-29
user_119,2026-04-29
user_121,2026-04-29
user_123,2026-04-29
user_124,2026-04-29
user_125,2026-04-29
user_126,2026-04-29
user_128,2026-04-29
user_131,2026-04-29
user_132,2026-04-29
user_137,2026-04-29
user_143,2026-04-29
user_146,2026-04-29
user_149,2026-04-29
user_151,2026-04-29
user_156,2026-04-29
user_157,2026-04-29
user_158,2026-04-29
user_164,2026-04-29
user_167,2026-04-29
user_168,2026-04-29
user_170,2026-04-29
user_172,2026-04-29
user_178,2026-04-29
user_180,2026-04-29
user_181,2026-04-29
user_184,2026-04-29
user_187,2026-04-29
user_188,2026-04-29
user_190,2026-04-29
user_192,2026-04-29
user_194,2026-04-29
user_197,2026-04-29
user_198,2026-04-29
user_199,2026-04-29
user_200,2026-04-29
user_017,2026-04-30
user_019,2026-04-30
user_020,2026-04-30
user_023,2026-04-30
user_024,2026-04-30
user_036,2026-04-30
user_044,2026-04-30
user_045,2026-04-30
user_048,2026-04-30
user_049,2026-04-30
user_058,2026-04-30
user_060,2026-04-30
user_064,2026-04-30
user_070,2026-04-30
user_071,2026-04-30
user_072,2026-04-30
user_074,2026-04-30
user_078,2026-04-30
user_079,2026-04-30
user_087,2026-04-30
user_088,2026-04-30
user_089,2026-04-30
user_090,2026-04-30
user_093,2026-04-30
user_095,2026-04-30
user_101,2026-04-30
user_102,2026-04-30
user_108,2026-04-30
user_109,2026-04-30
user_111,2026-04-30
user_113,2026-04-30
user_117,2026-04-30
user_119,2026-04-30
user_121,2026-04-30
user_124,2026-04-30
user_131,2026-04-30
user_133,2026-04-30
user_135,2026-04-30
user_136,2026-04-30
user_137,2026-04-30
user_140,2026-04-30
user_143,2026-04-30
user_145,2026-04-30
user_146,2026-04-30
user_149,2026-04-30
user_151,2026-04-30
user_154,2026-04-30
user_158,2026-04-30
user_159,2026-04-30
user_163,2026-04-30
user_166,2026-04-30
user_169,2026-04-30
user_170,2026-04-30
user_175,2026-04-30
user_178,2026-04-30
user_181,2026-04-30
user_184,2026-04-30
user_187,2026-04-30
user_188,2026-04-30
user_190,2026-04-30
user_192,2026-04-30
user_194,2026-04-30
user_197,2026-04-30
user_199,2026-04-30
user_200,2026-04-30
user_017,2026-05-01
user_018,2026-05-01
user_019,2026-05-01
user_020,2026-05-01
user_027,2026-05-01
user_028,2026-05-01
user_031,2026-05-01
user_035,2026-05-01
user_036,2026-05-01
user_044,2026-05-01
user_045,2026-05-01
user_048,2026-05-01
user_053,2026-05-01
user_054,2026-05-01
user_055,2026-05-01
user_059,2026-05-01
user_060,2026-05-01
user_067,2026-05-01
user_070,2026-05-01
user_071,2026-05-01
user_072,2026-05-01
user_073,2026-05-01
user_074,2026-05-01
user_075,2026-05-01
user_078,2026-05-01
user_084,2026-05-01
user_087,2026-05-01
user_088,2026-05-01
user_089,2026-05-01
user_090,2026-05-01
user_092,2026-05-01
user_095,2026-05-01
user_096,2026-05-01
user_098,2026-05-01
user_102,2026-05-01
user_105,2026-05-01
user_108,2026-05-01
user_109,2026-05-01
user_111,2026-05-01
user_116,2026-05-01
user_117,2026-05-01
user_119,2026-05-01
user_124,2026-05-01
user_125,2026-05-01
user_131,2026-05-01
user_135,2026-05-01
user_136,2026-05-01
user_137,2026-05-01
user_140,2026-05-01
user_141,2026-05-01
user_145,2026-05-01
user_146,2026-05-01
user_151,2026-05-01
user_154,2026-05-01
user_156,2026-05-01
user_158,2026-05-01
user_164,2026-05-01
user_166,2026-05-01
user_169,2026-05-01
user_170,2026-05-01
user_172,2026-05-01
user_175,2026-05-01
user_178,2026-05-01
user_180,2026-05-01
user_181,2026-05-01
user_183,2026-05-01
user_187,2026-05-01
user_192,2026-05-01
user_199,2026-05-01
user_017,2026-05-02
user_019,2026-05-02
user_020,2026-05-02
user_022,2026-05-02
user_023,2026-05-02
user_024,2026-05-02
user_031,2026-05-02
user_036,2026-05-02
user_040,2026-05-02
user_044,2026-05-02
user_045,2026-05-02
user_048,2026-05-02
user_054,2026-05-02
user_058,2026-05-02
user_059,2026-05-02
user_060,2026-05-02
user_061,2026-05-02
user_066,2026-05-02
user_070,2026-05-02
user_072,2026-05-02
user_074,2026-05-02
user_075,2026-05-02
user_077,2026-05-02
user_078,2026-05-02
user_087,2026-05-02
user_088,2026-05-02
user_089,2026-05-02
user_092,2026-05-02
user_095,2026-05-02
user_096,2026-05-02
user_099,2026-05-02
user_100,2026-05-02
user_102,2026-05-02
user_103,2026-05-02
user_108,2026-05-02
user_109,2026-05-02
user_117,2026-05-02
user_119,2026-05-02
user_120,2026-05-02
user_121,2026-05-02
user_123,2026-05-02
user_125,2026-05-02
user_126,2026-05-02
user_131,2026-05-02
user_133,2026-05-02
user_136,2026-05-02
user_140,2026-05-02
user_143,2026-05-02
user_144,2026-05-02
user_146,2026-05-02
user_151,2026-05-02
user_154,2026-05-02
user_157,2026-05-02
user_158,2026-05-02
user_163,2026-05-02
user_164,2026-05-02
user_166,2026-05-02
user_172,2026-05-02
user_175,2026-05-02
user_178,2026-05-02
user_180,2026-05-02
user_181,2026-05-02
user_183,2026-05-02
user_184,2026-05-02
user_190,2026-05-02
user_197,2026-05-02
user_198,2026-05-02
user_199,2026-05-02
user_200,2026-05-02
user_019,2026-05-03
user_020,2026-05-03
user_024,2026-05-03
user_030,2026-05-03
user_035,2026-05-03
user_036,2026-05-03
user_043,2026-05-03
user_044,2026-05-03
user_048,2026-05-03
user_049,2026-05-03
user_053,2026-05-03
user_054,2026-05-03
user_055,2026-05-03
user_058,2026-05-03
user_059,2026-05-03
user_060,2026-05-03
user_063,2026-05-03
user_064,2026-05-03
user_065,2026-05-03
user_067,2026-05-03
user_069,2026-05-03
user_070,2026-05-03
user_071,2026-05-03
user_072,2026-05-03
user_074,2026-05-03
user_075,2026-05-03
user_078,2026-05-03
user_084,2026-05-03
user_087,2026-05-03
user_088,2026-05-03
user_089,2026-05-03
user_090,2026-05-03
user_093,2026-05-03
user_095,2026-05-03
user_096,2026-05-03
user_097,2026-05-03
user_100,2026-05-03
user_102,2026-05-03
user_104,2026-05-03
user_105,2026-05-03
user_108,2026-05-03
user_113,2026-05-03
user_119,2026-05-03
user_121,2026-05-03
user_123,2026-05-03
user_124,2026-05-03
user_131,2026-05-03
user_136,2026-05-03
user_143,2026-05-03
user_146,2026-05-03
user_148,2026-05-03
user_149,2026-05-03
user_151,2026-05-03
user_154,2026-05-03
user_156,2026-05-03
user_157,2026-05-03
user_158,2026-05-03
user_160,2026-05-03
user_166,2026-05-03
user_172,2026-05-03
user_173,2026-05-03
user_175,2026-05-03
user_177,2026-05-03
user_178,2026-05-03
user_180,2026-05-03
user_184,2026-05-03
user_190,2026-05-03
user_192,2026-05-03
user_199,2026-05-03
user_200,2026-05-03
user_019,2026-05-04
user_020,2026-05-04
user_024,2026-05-04
user_028,2026-05-04
user_030,2026-05-04
user_035,2026-05-04
user_036,2026-05-04
user_037,2026-05-04
user_044,2026-05-04
user_048,2026-05-04
user_049,2026-05-04
user_050,2026-05-04
user_053,2026-05-04
user_054,2026-05-04
user_058,2026-05-04
user_059,2026-05-04
user_060,2026-05-04
user_063,2026-05-04
user_065,2026-05-04
user_066,2026-05-04
user_070,2026-05-04
user_072,2026-05-04
user_074,2026-05-04
user_075,2026-05-04
user_076,2026-05-04
user_078,2026-05-04
user_087,2026-05-04
user_088,2026-05-04
user_089,2026-05-04
user_090,2026-05-04
user_092,2026-05-04
user_093,2026-05-04
user_095,2026-05-04
user_096,2026-05-04
user_101,2026-05-04
user_102,2026-05-04
user_103,2026-05-04
user_106,2026-05-04
user_108,2026-05-04
user_111,2026-05-04
user_114,2026-05-04
user_117,2026-05-04
user_119,2026-05-04
user_120,2026-05-04
user_121,2026-05-04
user_123,2026-05-04
user_124,2026-05-04
user_126,2026-05-04
user_131,2026-05-04
user_135,2026-05-04
user_137,2026-05-04
user_140,2026-05-04
user_146,2026-05-04
user_147,2026-05-04
user_148,2026-05-04
user_149,2026-05-04
user_151,2026-05-04
user_158,2026-05-04
user_163,2026-05-04
user_170,2026-05-04
user_178,2026-05-04
user_181,2026-05-04
user_183,2026-05-04
user_187,2026-05-04
user_188,2026-05-04
user_190,2026-05-04
user_194,2026-05-04
user_199,2026-05-04
user_200,2026-05-04
user_017,2026-05-05
user_019,2026-05-05
user_020,2026-05-05
user_022,2026-05-05
user_024,2026-05-05
user_049,2026-05-05
user_053,2026-05-05
user_054,2026-05-05
user_055,2026-05-05
user_058,2026-05-05
user_060,2026-05-05
user_067,2026-05-05
user_069,2026-05-05
user_070,2026-05-05
user_072,2026-05-05
user_073,2026-05-05
user_075,2026-05-05
user_076,2026-05-05
user_078,2026-05-05
user_081,2026-05-05
user_087,2026-05-05
user_088,2026-05-05
user_089,2026-05-05
user_090,2026-05-05
user_092,2026-05-05
user_093,2026-05-05
user_096,2026-05-05
user_098,2026-05-05
user_102,2026-05-05
user_108,2026-05-05
user_111,2026-05-05
user_113,2026-05-05
user_119,2026-05-05
user_121,2026-05-05
user_122,2026-05-05
user_123,2026-05-05
user_124,2026-05-05
user_127,2026-05-05
user_140,2026-05-05
user_146,2026-05-05
user_147,2026-05-05
user_149,2026-05-05
user_151,2026-05-05
user_156,2026-05-05
user_159,2026-05-05
user_170,2026-05-05
user_175,2026-05-05
user_178,2026-05-05
user_181,2026-05-05
user_187,2026-05-05
user_188,2026-05-05
user_190,2026-05-05
user_192,2026-05-05
user_197,2026-05-05
user_198,2026-05-05
user_199,2026-05-05
user_200,2026-05-05
user_017,2026-05-06
user_019,2026-05-06
user_020,2026-05-06
user_022,2026-05-06
user_024,2026-05-06
user_028,2026-05-06
user_040,2026-05-06
user_044,2026-05-06
user_047,2026-05-06
user_048,2026-05-06
user_054,2026-05-06
user_055,2026-05-06
user_059,2026-05-06
user_060,2026-05-06
user_067,2026-05-06
user_070,2026-05-06
user_071,2026-05-06
user_075,2026-05-06
user_078,2026-05-06
user_084,2026-05-06
user_088,2026-05-06
user_089,2026-05-06
user_090,2026-05-06
user_093,2026-05-06
user_099,2026-05-06
user_100,2026-05-06
user_101,2026-05-06
user_102,2026-05-06
user_103,2026-05-06
user_106,2026-05-06
user_109,2026-05-06
user_111,2026-05-06
user_113,2026-05-06
user_116,2026-05-06
user_117,2026-05-06
user_119,2026-05-06
user_121,2026-05-06
user_123,2026-05-06
user_124,2026-05-06
user_125,2026-05-06
user_133,2026-05-06
user_139,2026-05-06
user_144,2026-05-06
user_146,2026-05-06
user_147,2026-05-06
user_149,2026-05-06
user_151,2026-05-06
user_154,2026-05-06
user_158,2026-05-06
user_159,2026-05-06
user_160,2026-05-06
user_171,2026-05-06
user_175,2026-05-06
user_177,2026-05-06
user_178,2026-05-06
user_181,2026-05-06
user_185,2026-05-06
user_190,2026-05-06
user_192,2026-05-06
user_194,2026-05-06
user_197,2026-05-06
user_199,2026-05-06
user_200,2026-05-06
user_018,2026-05-07
user_020,2026-05-07
user_022,2026-05-07
user_027,2026-05-07
user_036,2026-05-07
user_040,2026-05-07
user_048,2026-05-07
user_049,2026-05-07
user_053,2026-05-07
user_054,2026-05-07
user_058,2026-05-07
user_059,2026-05-07
user_060,2026-05-07
user_064,2026-05-07
user_065,2026-05-07
user_067,2026-05-07
user_069,2026-05-07
user_070,2026-05-07
user_071,2026-05-07
user_072,2026-05-07
user_073,2026-05-07
user_078,2026-05-07
user_084,2026-05-07
user_087,2026-05-07
user_088,2026-05-07
user_089,2026-05-07
user_090,2026-05-07
user_093,2026-05-07
user_095,2026-05-07
user_096,2026-05-07
user_097,2026-05-07
user_101,2026-05-07
user_105,2026-05-07
user_108,2026-05-07
user_109,2026-05-07
user_117,2026-05-07
user_121,2026-05-07
user_123,2026-05-07
user_124,2026-05-07
user_131,2026-05-07
user_132,2026-05-07
user_136,2026-05-07
user_137,2026-05-07
user_139,2026-05-07
user_140,2026-05-07
user_143,2026-05-07
user_144,2026-05-07
user_146,2026-05-07
user_149,2026-05-07
user_151,2026-05-07
user_154,2026-05-07
user_156,2026-05-07
user_157,2026-05-07
user_158,2026-05-07
user_164,2026-05-07
user_169,2026-05-07
user_170,2026-05-07
user_171,2026-05-07
user_172,2026-05-07
user_178,2026-05-07
user_181,2026-05-07
user_183,2026-05-07
user_187,2026-05-07
user_188,2026-05-07
user_190,2026-05-07
user_192,2026-05-07
user_198,2026-05-07
user_199,2026-05-07
user_200,2026-05-07
user_017,2026-05-08
user_019,2026-05-08
user_023,2026-05-08
user_036,2026-05-08
user_040,2026-05-08
user_044,2026-05-08
user_048,2026-05-08
user_049,2026-05-08
user_050,2026-05-08
user_053,2026-05-08
user_058,2026-05-08
user_060,2026-05-08
user_063,2026-05-08
user_065,2026-05-08
user_067,2026-05-08
user_070,2026-05-08
user_072,2026-05-08
user_073,2026-05-08
user_075,2026-05-08
user_078,2026-05-08
user_087,2026-05-08
user_088,2026-05-08
user_089,2026-05-08
user_090,2026-05-08
user_093,2026-05-08
user_098,2026-05-08
user_099,2026-05-08
user_102,2026-05-08
user_103,2026-05-08
user_105,2026-05-08
user_106,2026-05-08
user_107,2026-05-08
user_108,2026-05-08
user_109,2026-05-08
user_111,2026-05-08
user_113,2026-05-08
user_114,2026-05-08
user_121,2026-05-08
user_122,2026-05-08
user_124,2026-05-08
user_125,2026-05-08
user_131,2026-05-08
user_132,2026-05-08
user_135,2026-05-08
user_137,2026-05-08
user_140,2026-05-08
user_143,2026-05-08
user_146,2026-05-08
user_149,2026-05-08
user_151,2026-05-08
user_156,2026-05-08
user_158,2026-05-08
user_159,2026-05-08
user_163,2026-05-08
user_166,2026-05-08
user_170,2026-05-08
user_171,2026-05-08
user_172,2026-05-08
user_175,2026-05-08
user_178,2026-05-08
user_181,2026-05-08
user_187,2026-05-08
user_188,2026-05-08
user_190,2026-05-08
user_192,2026-05-08
user_194,2026-05-08
user_199,2026-05-08
user_200,2026-05-08
user_017,2026-05-09
user_018,2026-05-09
user_019,2026-05-09
user_020,2026-05-09
user_022,2026-05-09
user_023,2026-05-09
user_024,2026-05-09
user_027,2026-05-09
user_028,2026-05-09
user_036,2026-05-09
user_040,2026-05-09
user_044,2026-05-09
user_048,2026-05-09
user_054,2026-05-09
user_055,2026-05-09
user_058,2026-05-09
user_060,2026-05-09
user_064,2026-05-09
user_065,2026-05-09
user_067,2026-05-09
user_069,2026-05-09
user_070,2026-05-09
user_071,2026-05-09
user_072,2026-05-09
user_073,2026-05-09
user_077,2026-05-09
user_078,2026-05-09
user_088,2026-05-09
user_089,2026-05-09
user_090,2026-05-09
user_092,2026-05-09
user_093,2026-05-09
user_096,2026-05-09
user_099,2026-05-09
user_100,2026-05-09
user_108,2026-05-09
user_109,2026-05-09
user_113,2026-05-09
user_114,2026-05-09
user_117,2026-05-09
user_119,2026-05-09
user_121,2026-05-09
user_123,2026-05-09
user_125,2026-05-09
user_131,2026-05-09
user_137,2026-05-09
user_138,2026-05-09
user_145,2026-05-09
user_146,2026-05-09
user_149,2026-05-09
user_151,2026-05-09
user_156,2026-05-09
user_157,2026-05-09
user_158,2026-05-09
user_159,2026-05-09
user_170,2026-05-09
user_171,2026-05-09
user_175,2026-05-09
user_178,2026-05-09
user_181,2026-05-09
user_186,2026-05-09
user_187,2026-05-09
user_189,2026-05-09
user_190,2026-05-09
user_192,2026-05-09
user_197,2026-05-09
user_198,2026-05-09
user_199,2026-05-09
user_200,2026-05-09
user_017,2026-05-10
user_018,2026-05-10
user_019,2026-05-10
user_020,2026-05-10
user_023,2026-05-10
user_024,2026-05-10
user_028,2026-05-10
user_036,2026-05-10
user_044,2026-05-10
user_048,2026-05-10
user_049,2026-05-10
user_054,2026-05-10
user_055,2026-05-10
user_058,2026-05-10
user_060,2026-05-10
user_061,2026-05-10
user_070,2026-05-10
user_072,2026-05-10
user_077,2026-05-10
user_078,2026-05-10
user_087,2026-05-10
user_088,2026-05-10
user_089,2026-05-10
user_090,2026-05-10
user_092,2026-05-10
user_098,2026-05-10
user_101,2026-05-10
user_102,2026-05-10
user_109,2026-05-10
user_111,2026-05-10
user_112,2026-05-10
user_116,2026-05-10
user_117,2026-05-10
user_118,2026-05-10
user_121,2026-05-10
user_123,2026-05-10
user_125,2026-05-10
user_136,2026-05-10
user_137,2026-05-10
user_146,2026-05-10
user_147,2026-05-10
user_148,2026-05-10
user_149,2026-05-10
user_151,2026-05-10
user_154,2026-05-10
user_156,2026-05-10
user_158,2026-05-10
user_164,2026-05-10
user_166,2026-05-10
user_169,2026-05-10
user_170,2026-05-10
user_171,2026-05-10
user_178,2026-05-10
user_181,2026-05-10
user_187,2026-05-10
user_188,2026-05-10
user_190,2026-05-10
user_197,2026-05-10
user_198,2026-05-10
user_199,2026-05-10
user_200,2026-05-10
user_017,2026-05-11
user_019,2026-05-11
user_020,2026-05-11
user_023,2026-05-11
user_024,2026-05-11
user_025,2026-05-11
user_028,2026-05-11
user_036,2026-05-11
user_037,2026-05-11
user_044,2026-05-11
user_048,2026-05-11
user_049,2026-05-11
user_053,2026-05-11
user_054,2026-05-11
user_055,2026-05-11
user_058,2026-05-11
user_060,2026-05-11
user_061,2026-05-11
user_065,2026-05-11
user_070,2026-05-11
user_073,2026-05-11
user_075,2026-05-11
user_076,2026-05-11
user_077,2026-05-11
user_078,2026-05-11
user_087,2026-05-11
user_088,2026-05-11
user_089,2026-05-11
user_090,2026-05-11
user_093,2026-05-11
user_096,2026-05-11
user_097,2026-05-11
user_099,2026-05-11
user_100,2026-05-11
user_102,2026-05-11
user_103,2026-05-11
user_108,2026-05-11
user_111,2026-05-11
user_113,2026-05-11
user_119,2026-05-11
user_120,2026-05-11
user_123,2026-05-11
user_132,2026-05-11
user_134,2026-05-11
user_135,2026-05-11
user_137,2026-05-11
user_139,2026-05-11
user_140,2026-05-11
user_143,2026-05-11
user_145,2026-05-11
user_146,2026-05-11
user_148,2026-05-11
user_149,2026-05-11
user_151,2026-05-11
user_154,2026-05-11
user_158,2026-05-11
user_164,2026-05-11
user_166,2026-05-11
user_170,2026-05-11
user_171,2026-05-11
user_173,2026-05-11
user_178,2026-05-11
user_181,2026-05-11
user_184,2026-05-11
user_186,2026-05-11
user_187,2026-05-11
user_190,2026-05-11
user_193,2026-05-11
user_198,2026-05-11
user_199,2026-05-11
user_017,2026-05-12
user_019,2026-05-12
user_020,2026-05-12
user_022,2026-05-12
user_024,2026-05-12
user_028,2026-05-12
user_040,2026-05-12
user_044,2026-05-12
user_048,2026-05-12
user_049,2026-05-12
user_054,2026-05-12
user_055,2026-05-12
user_058,2026-05-12
user_060,2026-05-12
user_062,2026-05-12
user_063,2026-05-12
user_067,2026-05-12
user_070,2026-05-12
user_072,2026-05-12
user_077,2026-05-12
user_087,2026-05-12
user_088,2026-05-12
user_090,2026-05-12
user_093,2026-05-12
user_096,2026-05-12
user_099,2026-05-12
user_101,2026-05-12
user_102,2026-05-12
user_105,2026-05-12
user_108,2026-05-12
user_109,2026-05-12
user_117,2026-05-12
user_119,2026-05-12
user_120,2026-05-12
user_121,2026-05-12
user_123,2026-05-12
user_131,2026-05-12
user_134,2026-05-12
user_140,2026-05-12
user_146,2026-05-12
user_147,2026-05-12
user_148,2026-05-12
user_149,2026-05-12
user_151,2026-05-12
user_154,2026-05-12
user_158,2026-05-12
user_159,2026-05-12
user_162,2026-05-12
user_164,2026-05-12
user_171,2026-05-12
user_178,2026-05-12
user_180,2026-05-12
user_181,2026-05-12
user_190,2026-05-12
user_192,2026-05-12
user_193,2026-05-12
user_194,2026-05-12
user_198,2026-05-12
user_199,2026-05-12
user_200,2026-05-12
user_019,2026-05-13
user_024,2026-05-13
user_028,2026-05-13
user_036,2026-05-13
user_037,2026-05-13
user_041,2026-05-13
user_044,2026-05-13
user_048,2026-05-13
user_049,2026-05-13
user_053,2026-05-13
user_054,2026-05-13
user_055,2026-05-13
user_060,2026-05-13
user_061,2026-05-13
user_070,2026-05-13
user_071,2026-05-13
user_072,2026-05-13
user_078,2026-05-13
user_081,2026-05-13
user_084,2026-05-13
user_087,2026-05-13
user_088,2026-05-13
user_089,2026-05-13
user_090,2026-05-13
user_093,2026-05-13
user_096,2026-05-13
user_098,2026-05-13
user_102,2026-05-13
user_103,2026-05-13
user_105,2026-05-13
user_106,2026-05-13
user_108,2026-05-13
user_109,2026-05-13
user_111,2026-05-13
user_116,2026-05-13
user_124,2026-05-13
user_135,2026-05-13
user_137,2026-05-13
user_143,2026-05-13
user_149,2026-05-13
user_151,2026-05-13
user_158,2026-05-13
user_166,2026-05-13
user_171,2026-05-13
user_172,2026-05-13
user_176,2026-05-13
user_177,2026-05-13
user_178,2026-05-13
user_180,2026-05-13
user_181,2026-05-13
user_186,2026-05-13
user_187,2026-05-13
user_188,2026-05-13
user_190,2026-05-13
user_193,2026-05-13
user_197,2026-05-13
user_198,2026-05-13
user_199,2026-05-13
user_200,2026-05-13
user_012,2026-05-14
user_017,2026-05-14
user_020,2026-05-14
user_024,2026-05-14
user_028,2026-05-14
user_036,2026-05-14
user_037,2026-05-14
user_040,2026-05-14
user_041,2026-05-14
user_044,2026-05-14
user_049,2026-05-14
user_053,2026-05-14
user_054,2026-05-14
user_058,2026-05-14
user_065,2026-05-14
user_072,2026-05-14
user_077,2026-05-14
user_078,2026-05-14
user_084,2026-05-14
user_087,2026-05-14
user_089,2026-05-14
user_093,2026-05-14
user_096,2026-05-14
user_102,2026-05-14
user_105,2026-05-14
user_108,2026-05-14
user_109,2026-05-14
user_111,2026-05-14
user_113,2026-05-14
user_117,2026-05-14
user_119,2026-05-14
user_121,2026-05-14
user_123,2026-05-14
user_125,2026-05-14
user_134,2026-05-14
user_136,2026-05-14
user_137,2026-05-14
user_139,2026-05-14
user_144,2026-05-14
user_147,2026-05-14
user_149,2026-05-14
user_151,2026-05-14
user_154,2026-05-14
user_158,2026-05-14
user_160,2026-05-14
user_164,2026-05-14
user_166,2026-05-14
user_171,2026-05-14
user_173,2026-05-14
user_178,2026-05-14
user_181,2026-05-14
user_186,2026-05-14
user_187,2026-05-14
user_190,2026-05-14
user_194,2026-05-14
user_197,2026-05-14
user_199,2026-05-14
user_012,2026-05-15
user_014,2026-05-15
user_016,2026-05-15
user_017,2026-05-15
user_019,2026-05-15
user_022,2026-05-15
user_023,2026-05-15
user_024,2026-05-15
user_028,2026-05-15
user_036,2026-05-15
user_041,2026-05-15
user_046,2026-05-15
user_048,2026-05-15
user_049,2026-05-15
user_054,2026-05-15
user_055,2026-05-15
user_058,2026-05-15
user_059,2026-05-15
user_060,2026-05-15
user_069,2026-05-15
user_070,2026-05-15
user_072,2026-05-15
user_075,2026-05-15
user_077,2026-05-15
user_078,2026-05-15
user_088,2026-05-15
user_089,2026-05-15
user_090,2026-05-15
user_093,2026-05-15
user_096,2026-05-15
user_097,2026-05-15
user_100,2026-05-15
user_101,2026-05-15
user_104,2026-05-15
user_106,2026-05-15
user_108,2026-05-15
user_109,2026-05-15
user_114,2026-05-15
user_119,2026-05-15
user_121,2026-05-15
user_125,2026-05-15
user_134,2026-05-15
user_136,2026-05-15
user_140,2026-05-15
user_146,2026-05-15
user_149,2026-05-15
user_151,2026-05-15
user_154,2026-05-15
user_157,2026-05-15
user_158,2026-05-15
user_164,2026-05-15
user_166,2026-05-15
user_171,2026-05-15
user_173,2026-05-15
user_175,2026-05-15
user_178,2026-05-15
user_181,2026-05-15
user_184,2026-05-15
user_186,2026-05-15
user_187,2026-05-15
user_188,2026-05-15
user_190,2026-05-15
user_192,2026-05-15
user_198,2026-05-15
user_199,2026-05-15
user_200,2026-05-15
user_011,2026-05-16
user_012,2026-05-16
user_014,2026-05-16
user_017,2026-05-16
user_019,2026-05-16
user_020,2026-05-16
user_022,2026-05-16
user_024,2026-05-16
user_028,2026-05-16
user_040,2026-05-16
user_041,2026-05-16
user_044,2026-05-16
user_048,2026-05-16
user_054,2026-05-16
user_058,2026-05-16
user_070,2026-05-16
user_071,2026-05-16
user_072,2026-05-16
user_075,2026-05-16
user_077,2026-05-16
user_078,2026-05-16
user_084,2026-05-16
user_088,2026-05-16
user_089,2026-05-16
user_093,2026-05-16
user_097,2026-05-16
user_108,2026-05-16
user_109,2026-05-16
user_111,2026-05-16
user_113,2026-05-16
user_117,2026-05-16
user_119,2026-05-16
user_121,2026-05-16
user_125,2026-05-16
user_131,2026-05-16
user_137,2026-05-16
user_139,2026-05-16
user_140,2026-05-16
user_146,2026-05-16
user_147,2026-05-16
user_149,2026-05-16
user_151,2026-05-16
user_154,2026-05-16
user_156,2026-05-16
user_158,2026-05-16
user_171,2026-05-16
user_176,2026-05-16
user_178,2026-05-16
user_180,2026-05-16
user_181,2026-05-16
user_185,2026-05-16
user_187,2026-05-16
user_190,2026-05-16
user_192,2026-05-16
user_194,2026-05-16
user_197,2026-05-16
user_199,2026-05-16
user_200,2026-05-16
user_013,2026-05-17
user_014,2026-05-17
user_015,2026-05-17
user_017,2026-05-17
user_019,2026-05-17
user_020,2026-05-17
user_022,2026-05-17
user_024,2026-05-17
user_031,2026-05-17
user_036,2026-05-17
user_041,2026-05-17
user_044,2026-05-17
user_048,2026-05-17
user_050,2026-05-17
user_055,2026-05-17
user_058,2026-05-17
user_059,2026-05-17
user_070,2026-05-17
user_072,2026-05-17
user_075,2026-05-17
user_077,2026-05-17
user_078,2026-05-17
user_083,2026-05-17
user_088,2026-05-17
user_089,2026-05-17
user_093,2026-05-17
user_096,2026-05-17
user_097,2026-05-17
user_103,2026-05-17
user_106,2026-05-17
user_108,2026-05-17
user_109,2026-05-17
user_111,2026-05-17
user_117,2026-05-17
user_119,2026-05-17
user_121,2026-05-17
user_131,2026-05-17
user_140,2026-05-17
user_144,2026-05-17
user_145,2026-05-17
user_146,2026-05-17
user_154,2026-05-17
user_165,2026-05-17
user_166,2026-05-17
user_176,2026-05-17
user_178,2026-05-17
user_181,2026-05-17
user_184,2026-05-17
user_186,2026-05-17
user_187,2026-05-17
user_189,2026-05-17
user_190,2026-05-17
user_192,2026-05-17
user_194,2026-05-17
user_197,2026-05-17
user_199,2026-05-17
user_200,2026-05-17
user_012,2026-05-18
user_014,2026-05-18
user_015,2026-05-18
user_017,2026-05-18
user_020,2026-05-18
user_022,2026-05-18
user_024,2026-05-18
user_036,2026-05-18
user_044,2026-05-18
user_048,2026-05-18
user_049,2026-05-18
user_054,2026-05-18
user_055,2026-05-18
user_059,2026-05-18
user_060,2026-05-18
user_067,2026-05-18
user_070,2026-05-18
user_072,2026-05-18
user_078,2026-05-18
user_087,2026-05-18
user_088,2026-05-18
user_090,2026-05-18
user_093,2026-05-18
user_096,2026-05-18
user_103,2026-05-18
user_108,2026-05-18
user_109,2026-05-18
user_111,2026-05-18
user_113,2026-05-18
user_119,2026-05-18
user_121,2026-05-18
user_124,2026-05-18
user_125,2026-05-18
user_134,2026-05-18
user_136,2026-05-18
user_143,2026-05-18
user_144,2026-05-18
user_145,2026-05-18
user_146,2026-05-18
user_149,2026-05-18
user_151,2026-05-18
user_154,2026-05-18
user_156,2026-05-18
user_158,2026-05-18
user_159,2026-05-18
user_164,2026-05-18
user_166,2026-05-18
user_175,2026-05-18
user_177,2026-05-18
user_181,2026-05-18
user_187,2026-05-18
user_189,2026-05-18
user_190,2026-05-18
user_192,2026-05-18
user_199,2026-05-18
user_200,2026-05-18
user_015,2026-05-19
user_016,2026-05-19
user_018,2026-05-19
user_019,2026-05-19
user_020,2026-05-19
user_022,2026-05-19
user_024,2026-05-19
user_025,2026-05-19
user_036,2026-05-19
user_040,2026-05-19
user_041,2026-05-19
user_044,2026-05-19
user_058,2026-05-19
user_059,2026-05-19
user_060,2026-05-19
user_069,2026-05-19
user_070,2026-05-19
user_072,2026-05-19
user_081,2026-05-19
user_084,2026-05-19
user_087,2026-05-19
user_088,2026-05-19
user_089,2026-05-19
user_090,2026-05-19
user_093,2026-05-19
user_096,2026-05-19
user_098,2026-05-19
user_103,2026-05-19
user_104,2026-05-19
user_108,2026-05-19
user_109,2026-05-19
user_111,2026-05-19
user_117,2026-05-19
user_119,2026-05-19
user_121,2026-05-19
user_125,2026-05-19
user_131,2026-05-19
user_132,2026-05-19
user_133,2026-05-19
user_136,2026-05-19
user_139,2026-05-19
user_146,2026-05-19
user_151,2026-05-19
user_154,2026-05-19
user_158,2026-05-19
user_165,2026-05-19
user_169,2026-05-19
user_176,2026-05-19
user_180,2026-05-19
user_181,2026-05-19
user_186,2026-05-19
user_190,2026-05-19
user_192,2026-05-19
user_194,2026-05-19
user_197,2026-05-19
user_199,2026-05-19
user_200,2026-05-19
user_001,2026-05-20
user_002,2026-05-20
user_003,2026-05-20
user_004,2026-05-20
user_005,2026-05-20
user_006,2026-05-20
user_007,2026-05-20
user_008,2026-05-20
user_009,2026-05-20
user_010,2026-05-20
user_016,2026-05-20
user_017,2026-05-20
user_019,2026-05-20
user_020,2026-05-20
user_024,2026-05-20
user_028,2026-05-20
user_040,2026-05-20
user_041,2026-05-20
user_049,2026-05-20
user_050,2026-05-20
user_054,2026-05-20
user_055,2026-05-20
user_058,2026-05-20
user_060,2026-05-20
user_065,2026-05-20
user_069,2026-05-20
user_070,2026-05-20
user_071,2026-05-20
user_072,2026-05-20
user_077,2026-05-20
user_078,2026-05-20
user_084,2026-05-20
user_087,2026-05-20
user_088,2026-05-20
user_089,2026-05-20
user_090,2026-05-20
user_093,2026-05-20
user_097,2026-05-20
user_100,2026-05-20
user_109,2026-05-20
user_113,2026-05-20
user_114,2026-05-20
user_115,2026-05-20
user_117,2026-05-20
user_119,2026-05-20
user_121,2026-05-20
user_134,2026-05-20
user_135,2026-05-20
user_143,2026-05-20
user_144,2026-05-20
user_147,2026-05-20
user_149,2026-05-20
user_151,2026-05-20
user_154,2026-05-20
user_156,2026-05-20
user_158,2026-05-20
user_159,2026-05-20
user_164,2026-05-20
user_166,2026-05-20
user_175,2026-05-20
user_177,2026-05-20
user_180,2026-05-20
user_181,2026-05-20
user_185,2026-05-20
user_187,2026-05-20
user_190,2026-05-20
user_194,2026-05-20
user_197,2026-05-20
user_199,2026-05-20
user_200,2026-05-20
